0,0,0
1,0,0
2,0,0
3,0,0
3,1,1.5708
3,2,1.5708
3,3,1.5708
3,4,1.5708
3,3,-1.5708
3,2,-1.5708
3,1,-1.5708
3,0,-1.5708
3,1,1.5708
3,2,1.5708
3,3,1.5708
3,4,1.5708
4,4,0
5,4,0
6,4,0
7,4,0
7,3,-1.5708
7,2,-1.5708
7,1,-1.5708
7,0,-1.5708
7,1,1.5708
7,2,1.5708
7,3,1.5708
7,4,1.5708
6,4,3.14159
5,4,3.14159
4,4,3.14159
3,4,3.14159
3,5,1.5708
3,6,1.5708
3,7,1.5708
3,8,1.5708
2,8,3.14159
1,8,3.14159
0,8,3.14159
-1,8,3.14159
-1,7,-1.5708
-1,6,-1.5708
-1,5,-1.5708
-1,4,-1.5708
-1,3,-1.5708
-1,2,-1.5708
-1,1,-1.5708
-1,0,-1.5708
-1,1,1.5708
-1,2,1.5708
-1,3,1.5708
-1,4,1.5708
0,4,0
1,4,0
2,4,0
3,4,0
3,3,-1.5708
3,2,-1.5708
3,1,-1.5708
3,0,-1.5708
2,0,3.14159
1,0,3.14159
0,0,3.14159
-1,0,3.14159
-1,1,1.5708
-1,2,1.5708
-1,3,1.5708
-1,4,1.5708
-1,3,-1.5708
-1,2,-1.5708
-1,1,-1.5708
-1,0,-1.5708
-2,0,3.14159
-3,0,3.14159
-4,0,3.14159
-5,0,3.14159
-5,-1,-1.5708
-5,-2,-1.5708
-5,-3,-1.5708
-5,-4,-1.5708
-6,-4,3.14159
-7,-4,3.14159
-8,-4,3.14159
-9,-4,3.14159
-9,-5,-1.5708
-9,-6,-1.5708
-9,-7,-1.5708
-9,-8,-1.5708
-8,-8,0
-7,-8,0
-6,-8,0
-5,-8,0
-5,-7,1.5708
-5,-6,1.5708
-5,-5,1.5708
-5,-4,1.5708
-6,-4,3.14159
-7,-4,3.14159
-8,-4,3.14159
-9,-4,3.14159
-8,-4,0
-7,-4,0
-6,-4,0
-5,-4,0
-6,-4,3.14159
-7,-4,3.14159
-8,-4,3.14159
-9,-4,3.14159
-9,-3,1.5708
-9,-2,1.5708
-9,-1,1.5708
-9,0,1.5708
-9,-1,-1.5708
-9,-2,-1.5708
-9,-3,-1.5708
-9,-4,-1.5708
-8,-4,0
-7,-4,0
-6,-4,0
-5,-4,0
-6,-4,3.14159
-7,-4,3.14159
-8,-4,3.14159
-9,-4,3.14159
-9,-5,-1.5708
-9,-6,-1.5708
-9,-7,-1.5708
-9,-8,-1.5708
-8,-8,0
-7,-8,0
-6,-8,0
-5,-8,0
-5,-9,-1.5708
-5,-10,-1.5708
-5,-11,-1.5708
-5,-12,-1.5708
-5,-11,1.5708
-5,-10,1.5708
-5,-9,1.5708
-5,-8,1.5708
-5,-9,-1.5708
-5,-10,-1.5708
-5,-11,-1.5708
-5,-12,-1.5708
-5,-11,1.5708
-5,-10,1.5708
-5,-9,1.5708
-5,-8,1.5708
-4,-8,0
-3,-8,0
-2,-8,0
-1,-8,0
-1,-7,1.5708
-1,-6,1.5708
-1,-5,1.5708
-1,-4,1.5708
-1,-5,-1.5708
-1,-6,-1.5708
-1,-7,-1.5708
-1,-8,-1.5708
-1,-7,1.5708
-1,-6,1.5708
-1,-5,1.5708
-1,-4,1.5708
-1,-5,-1.5708
-1,-6,-1.5708
-1,-7,-1.5708
-1,-8,-1.5708
-2,-8,3.14159
-3,-8,3.14159
-4,-8,3.14159
-5,-8,3.14159
-5,-7,1.5708
-5,-6,1.5708
-5,-5,1.5708
-5,-4,1.5708
-5,-5,-1.5708
-5,-6,-1.5708
-5,-7,-1.5708
-5,-8,-1.5708
-5,-9,-1.5708
-5,-10,-1.5708
-5,-11,-1.5708
-5,-12,-1.5708
-6,-12,3.14159
-7,-12,3.14159
-8,-12,3.14159
-9,-12,3.14159
-9,-11,1.5708
-9,-10,1.5708
-9,-9,1.5708
-9,-8,1.5708
-10,-8,3.14159
-11,-8,3.14159
-12,-8,3.14159
-13,-8,3.14159
-13,-9,-1.5708
-13,-10,-1.5708
-13,-11,-1.5708
-13,-12,-1.5708
-14,-12,3.14159
-15,-12,3.14159
-16,-12,3.14159
-17,-12,3.14159
-17,-13,-1.5708
-17,-14,-1.5708
-17,-15,-1.5708
-17,-16,-1.5708
-17,-15,1.5708
-17,-14,1.5708
-17,-13,1.5708
-17,-12,1.5708
-16,-12,0
-15,-12,0
-14,-12,0
-13,-12,0
-13,-11,1.5708
-13,-10,1.5708
-13,-9,1.5708
-13,-8,1.5708
-13,-9,-1.5708
-13,-10,-1.5708
-13,-11,-1.5708
-13,-12,-1.5708
-13,-11,1.5708
-13,-10,1.5708
-13,-9,1.5708
-13,-8,1.5708
-12,-8,0
-11,-8,0
-10,-8,0
-9,-8,0
-9,-9,-1.5708
-9,-10,-1.5708
-9,-11,-1.5708
-9,-12,-1.5708
-8,-12,0
-7,-12,0
-6,-12,0
-5,-12,0
-6,-12,3.14159
-7,-12,3.14159
-8,-12,3.14159
-9,-12,3.14159
-9,-13,-1.5708
-9,-14,-1.5708
-9,-15,-1.5708
-9,-16,-1.5708
-9,-17,-1.5708
-9,-18,-1.5708
-9,-19,-1.5708
-9,-20,-1.5708
-9,-19,1.5708
-9,-18,1.5708
-9,-17,1.5708
-9,-16,1.5708
-9,-17,-1.5708
-9,-18,-1.5708
-9,-19,-1.5708
-9,-20,-1.5708
-9,-19,1.5708
-9,-18,1.5708
-9,-17,1.5708
-9,-16,1.5708
-8,-16,0
-7,-16,0
-6,-16,0
-5,-16,0
-5,-17,-1.5708
-5,-18,-1.5708
-5,-19,-1.5708
-5,-20,-1.5708
-4,-20,0
-3,-20,0
-2,-20,0
-1,-20,0
-1,-19,1.5708
-1,-18,1.5708
-1,-17,1.5708
-1,-16,1.5708
0,-16,0
1,-16,0
2,-16,0
3,-16,0
2,-16,3.14159
1,-16,3.14159
0,-16,3.14159
-1,-16,3.14159
-1,-17,-1.5708
-1,-18,-1.5708
-1,-19,-1.5708
-1,-20,-1.5708
-2,-20,3.14159
-3,-20,3.14159
-4,-20,3.14159
-5,-20,3.14159
-5,-21,-1.5708
-5,-22,-1.5708
-5,-23,-1.5708
-5,-24,-1.5708
-6,-24,3.14159
-7,-24,3.14159
-8,-24,3.14159
-9,-24,3.14159
-9,-23,1.5708
-9,-22,1.5708
-9,-21,1.5708
-9,-20,1.5708
-10,-20,3.14159
-11,-20,3.14159
-12,-20,3.14159
-13,-20,3.14159
-13,-21,-1.5708
-13,-22,-1.5708
-13,-23,-1.5708
-13,-24,-1.5708
-14,-24,3.14159
-15,-24,3.14159
-16,-24,3.14159
-17,-24,3.14159
-17,-23,1.5708
-17,-22,1.5708
-17,-21,1.5708
-17,-20,1.5708
-18,-20,3.14159
-19,-20,3.14159
-20,-20,3.14159
-21,-20,3.14159
-20,-20,0
-19,-20,0
-18,-20,0
-17,-20,0
-17,-21,-1.5708
-17,-22,-1.5708
-17,-23,-1.5708
-17,-24,-1.5708
-16,-24,0
-15,-24,0
-14,-24,0
-13,-24,0
-13,-23,1.5708
-13,-22,1.5708
-13,-21,1.5708
-13,-20,1.5708
-12,-20,0
-11,-20,0
-10,-20,0
-9,-20,0
-9,-19,1.5708
-9,-18,1.5708
-9,-17,1.5708
-9,-16,1.5708
-9,-17,-1.5708
-9,-18,-1.5708
-9,-19,-1.5708
-9,-20,-1.5708
-9,-19,1.5708
-9,-18,1.5708
-9,-17,1.5708
-9,-16,1.5708
-9,-17,-1.5708
-9,-18,-1.5708
-9,-19,-1.5708
-9,-20,-1.5708
-9,-19,1.5708
-9,-18,1.5708
-9,-17,1.5708
-9,-16,1.5708
-10,-16,3.14159
-11,-16,3.14159
-12,-16,3.14159
-13,-16,3.14159
-13,-17,-1.5708
-13,-18,-1.5708
-13,-19,-1.5708
-13,-20,-1.5708
-14,-20,3.14159
-15,-20,3.14159
-16,-20,3.14159
-17,-20,3.14159
-17,-21,-1.5708
-17,-22,-1.5708
-17,-23,-1.5708
-17,-24,-1.5708
-16,-24,0
-15,-24,0
-14,-24,0
-13,-24,0
-13,-23,1.5708
-13,-22,1.5708
-13,-21,1.5708
-13,-20,1.5708
-12,-20,0
-11,-20,0
-10,-20,0
-9,-20,0
-9,-21,-1.5708
-9,-22,-1.5708
-9,-23,-1.5708
-9,-24,-1.5708
-10,-24,3.14159
-11,-24,3.14159
-12,-24,3.14159
-13,-24,3.14159
-12,-24,0
-11,-24,0
-10,-24,0
-9,-24,0
-9,-25,-1.5708
-9,-26,-1.5708
-9,-27,-1.5708
-9,-28,-1.5708
-8,-28,0
-7,-28,0
-6,-28,0
-5,-28,0
-6,-28,3.14159
-7,-28,3.14159
-8,-28,3.14159
-9,-28,3.14159
-9,-29,-1.5708
-9,-30,-1.5708
-9,-31,-1.5708
-9,-32,-1.5708
-9,-33,-1.5708
-9,-34,-1.5708
-9,-35,-1.5708
-9,-36,-1.5708
-8,-36,0
-7,-36,0
-6,-36,0
-5,-36,0
-5,-37,-1.5708
-5,-38,-1.5708
-5,-39,-1.5708
-5,-40,-1.5708
-6,-40,3.14159
-7,-40,3.14159
-8,-40,3.14159
-9,-40,3.14159
-9,-41,-1.5708
-9,-42,-1.5708
-9,-43,-1.5708
-9,-44,-1.5708
-9,-43,1.5708
-9,-42,1.5708
-9,-41,1.5708
-9,-40,1.5708
-8,-40,0
-7,-40,0
-6,-40,0
-5,-40,0
-6,-40,3.14159
-7,-40,3.14159
-8,-40,3.14159
-9,-40,3.14159
-8,-40,0
-7,-40,0
-6,-40,0
-5,-40,0
-6,-40,3.14159
-7,-40,3.14159
-8,-40,3.14159
-9,-40,3.14159
-9,-41,-1.5708
-9,-42,-1.5708
-9,-43,-1.5708
-9,-44,-1.5708
-10,-44,3.14159
-11,-44,3.14159
-12,-44,3.14159
-13,-44,3.14159
-12,-44,0
-11,-44,0
-10,-44,0
-9,-44,0
-10,-44,3.14159
-11,-44,3.14159
-12,-44,3.14159
-13,-44,3.14159
-12,-44,0
-11,-44,0
-10,-44,0
-9,-44,0
-9,-43,1.5708
-9,-42,1.5708
-9,-41,1.5708
-9,-40,1.5708
-8,-40,0
-7,-40,0
-6,-40,0
-5,-40,0
-5,-41,-1.5708
-5,-42,-1.5708
-5,-43,-1.5708
-5,-44,-1.5708
-5,-43,1.5708
-5,-42,1.5708
-5,-41,1.5708
-5,-40,1.5708
-5,-41,-1.5708
-5,-42,-1.5708
-5,-43,-1.5708
-5,-44,-1.5708
-5,-43,1.5708
-5,-42,1.5708
-5,-41,1.5708
-5,-40,1.5708
-4,-40,0
-3,-40,0
-2,-40,0
-1,-40,0
-1,-41,-1.5708
-1,-42,-1.5708
-1,-43,-1.5708
-1,-44,-1.5708
-1,-43,1.5708
-1,-42,1.5708
-1,-41,1.5708
-1,-40,1.5708
-2,-40,3.14159
-3,-40,3.14159
-4,-40,3.14159
-5,-40,3.14159
-4,-40,0
-3,-40,0
-2,-40,0
-1,-40,0
-2,-40,3.14159
-3,-40,3.14159
-4,-40,3.14159
-5,-40,3.14159
-5,-41,-1.5708
-5,-42,-1.5708
-5,-43,-1.5708
-5,-44,-1.5708
-5,-43,1.5708
-5,-42,1.5708
-5,-41,1.5708
-5,-40,1.5708
-5,-41,-1.5708
-5,-42,-1.5708
-5,-43,-1.5708
-5,-44,-1.5708
-4,-44,0
-3,-44,0
-2,-44,0
-1,-44,0
-1,-43,1.5708
-1,-42,1.5708
-1,-41,1.5708
-1,-40,1.5708
-2,-40,3.14159
-3,-40,3.14159
-4,-40,3.14159
-5,-40,3.14159
-4,-40,0
-3,-40,0
-2,-40,0
-1,-40,0
-1,-39,1.5708
-1,-38,1.5708
-1,-37,1.5708
-1,-36,1.5708
-1,-35,1.5708
-1,-34,1.5708
-1,-33,1.5708
-1,-32,1.5708
-1,-33,-1.5708
-1,-34,-1.5708
-1,-35,-1.5708
-1,-36,-1.5708
0,-36,0
1,-36,0
2,-36,0
3,-36,0
3,-35,1.5708
3,-34,1.5708
3,-33,1.5708
3,-32,1.5708
2,-32,3.14159
1,-32,3.14159
0,-32,3.14159
-1,-32,3.14159
-1,-33,-1.5708
-1,-34,-1.5708
-1,-35,-1.5708
-1,-36,-1.5708
-2,-36,3.14159
-3,-36,3.14159
-4,-36,3.14159
-5,-36,3.14159
-5,-35,1.5708
-5,-34,1.5708
-5,-33,1.5708
-5,-32,1.5708
-4,-32,0
-3,-32,0
-2,-32,0
-1,-32,0
-1,-33,-1.5708
-1,-34,-1.5708
-1,-35,-1.5708
-1,-36,-1.5708
0,-36,0
1,-36,0
2,-36,0
3,-36,0
3,-35,1.5708
3,-34,1.5708
3,-33,1.5708
3,-32,1.5708
3,-33,-1.5708
3,-34,-1.5708
3,-35,-1.5708
3,-36,-1.5708
3,-35,1.5708
3,-34,1.5708
3,-33,1.5708
3,-32,1.5708
4,-32,0
5,-32,0
6,-32,0
7,-32,0
6,-32,3.14159
5,-32,3.14159
4,-32,3.14159
3,-32,3.14159
3,-33,-1.5708
3,-34,-1.5708
3,-35,-1.5708
3,-36,-1.5708
4,-36,0
5,-36,0
6,-36,0
7,-36,0
6,-36,3.14159
5,-36,3.14159
4,-36,3.14159
3,-36,3.14159
3,-35,1.5708
3,-34,1.5708
3,-33,1.5708
3,-32,1.5708
3,-33,-1.5708
3,-34,-1.5708
3,-35,-1.5708
3,-36,-1.5708
4,-36,0
5,-36,0
6,-36,0
7,-36,0
7,-35,1.5708
7,-34,1.5708
7,-33,1.5708
7,-32,1.5708
7,-33,-1.5708
7,-34,-1.5708
7,-35,-1.5708
7,-36,-1.5708
8,-36,0
9,-36,0
10,-36,0
11,-36,0
11,-37,-1.5708
11,-38,-1.5708
11,-39,-1.5708
11,-40,-1.5708
11,-39,1.5708
11,-38,1.5708
11,-37,1.5708
11,-36,1.5708
11,-37,-1.5708
11,-38,-1.5708
11,-39,-1.5708
11,-40,-1.5708
11,-39,1.5708
11,-38,1.5708
11,-37,1.5708
11,-36,1.5708
10,-36,3.14159
9,-36,3.14159
8,-36,3.14159
7,-36,3.14159
7,-35,1.5708
7,-34,1.5708
7,-33,1.5708
7,-32,1.5708
6,-32,3.14159
5,-32,3.14159
4,-32,3.14159
3,-32,3.14159
3,-31,1.5708
3,-30,1.5708
3,-29,1.5708
3,-28,1.5708
4,-28,0
5,-28,0
6,-28,0
7,-28,0
7,-27,1.5708
7,-26,1.5708
7,-25,1.5708
7,-24,1.5708
6,-24,3.14159
5,-24,3.14159
4,-24,3.14159
3,-24,3.14159
3,-25,-1.5708
3,-26,-1.5708
3,-27,-1.5708
3,-28,-1.5708
2,-28,3.14159
1,-28,3.14159
0,-28,3.14159
-1,-28,3.14159
0,-28,0
1,-28,0
2,-28,0
3,-28,0
3,-27,1.5708
3,-26,1.5708
3,-25,1.5708
3,-24,1.5708
3,-25,-1.5708
3,-26,-1.5708
3,-27,-1.5708
3,-28,-1.5708
4,-28,0
5,-28,0
6,-28,0
7,-28,0
7,-27,1.5708
7,-26,1.5708
7,-25,1.5708
7,-24,1.5708
6,-24,3.14159
5,-24,3.14159
4,-24,3.14159
3,-24,3.14159
4,-24,0
5,-24,0
6,-24,0
7,-24,0
7,-25,-1.5708
7,-26,-1.5708
7,-27,-1.5708
7,-28,-1.5708
7,-27,1.5708
7,-26,1.5708
7,-25,1.5708
7,-24,1.5708
7,-25,-1.5708
7,-26,-1.5708
7,-27,-1.5708
7,-28,-1.5708
8,-28,0
9,-28,0
10,-28,0
11,-28,0
11,-27,1.5708
11,-26,1.5708
11,-25,1.5708
11,-24,1.5708
11,-25,-1.5708
11,-26,-1.5708
11,-27,-1.5708
11,-28,-1.5708
11,-29,-1.5708
11,-30,-1.5708
11,-31,-1.5708
11,-32,-1.5708
10,-32,3.14159
9,-32,3.14159
8,-32,3.14159
7,-32,3.14159
7,-31,1.5708
7,-30,1.5708
7,-29,1.5708
7,-28,1.5708
8,-28,0
9,-28,0
10,-28,0
11,-28,0
11,-29,-1.5708
11,-30,-1.5708
11,-31,-1.5708
11,-32,-1.5708
12,-32,0
13,-32,0
14,-32,0
15,-32,0
15,-33,-1.5708
15,-34,-1.5708
15,-35,-1.5708
15,-36,-1.5708
16,-36,0
17,-36,0
18,-36,0
19,-36,0
19,-37,-1.5708
19,-38,-1.5708
19,-39,-1.5708
19,-40,-1.5708
20,-40,0
21,-40,0
22,-40,0
23,-40,0
23,-41,-1.5708
23,-42,-1.5708
23,-43,-1.5708
23,-44,-1.5708
24,-44,0
25,-44,0
26,-44,0
27,-44,0
27,-43,1.5708
27,-42,1.5708
27,-41,1.5708
27,-40,1.5708
27,-41,-1.5708
27,-42,-1.5708
27,-43,-1.5708
27,-44,-1.5708
26,-44,3.14159
25,-44,3.14159
24,-44,3.14159
23,-44,3.14159
22,-44,3.14159
21,-44,3.14159
20,-44,3.14159
19,-44,3.14159
20,-44,0
21,-44,0
22,-44,0
23,-44,0
23,-43,1.5708
23,-42,1.5708
23,-41,1.5708
23,-40,1.5708
24,-40,0
25,-40,0
26,-40,0
27,-40,0
27,-39,1.5708
27,-38,1.5708
27,-37,1.5708
27,-36,1.5708
27,-37,-1.5708
27,-38,-1.5708
27,-39,-1.5708
27,-40,-1.5708
27,-41,-1.5708
27,-42,-1.5708
27,-43,-1.5708
27,-44,-1.5708
26,-44,3.14159
25,-44,3.14159
24,-44,3.14159
23,-44,3.14159
24,-44,0
25,-44,0
26,-44,0
27,-44,0
26,-44,3.14159
25,-44,3.14159
24,-44,3.14159
23,-44,3.14159
24,-44,0
25,-44,0
26,-44,0
27,-44,0
28,-44,0
29,-44,0
30,-44,0
31,-44,0
31,-43,1.5708
31,-42,1.5708
31,-41,1.5708
31,-40,1.5708
31,-41,-1.5708
31,-42,-1.5708
31,-43,-1.5708
31,-44,-1.5708
31,-43,1.5708
31,-42,1.5708
31,-41,1.5708
31,-40,1.5708
32,-40,0
33,-40,0
34,-40,0
35,-40,0
34,-40,3.14159
33,-40,3.14159
32,-40,3.14159
31,-40,3.14159
31,-39,1.5708
31,-38,1.5708
31,-37,1.5708
31,-36,1.5708
31,-37,-1.5708
31,-38,-1.5708
31,-39,-1.5708
31,-40,-1.5708
32,-40,0
33,-40,0
34,-40,0
35,-40,0
35,-39,1.5708
35,-38,1.5708
35,-37,1.5708
35,-36,1.5708
35,-37,-1.5708
35,-38,-1.5708
35,-39,-1.5708
35,-40,-1.5708
36,-40,0
37,-40,0
38,-40,0
39,-40,0
38,-40,3.14159
37,-40,3.14159
36,-40,3.14159
35,-40,3.14159
36,-40,0
37,-40,0
38,-40,0
39,-40,0
39,-41,-1.5708
39,-42,-1.5708
39,-43,-1.5708
39,-44,-1.5708
40,-44,0
41,-44,0
42,-44,0
43,-44,0
42,-44,3.14159
41,-44,3.14159
40,-44,3.14159
39,-44,3.14159
38,-44,3.14159
37,-44,3.14159
36,-44,3.14159
35,-44,3.14159
35,-43,1.5708
35,-42,1.5708
35,-41,1.5708
35,-40,1.5708
36,-40,0
37,-40,0
38,-40,0
39,-40,0
38,-40,3.14159
37,-40,3.14159
36,-40,3.14159
35,-40,3.14159
35,-41,-1.5708
35,-42,-1.5708
35,-43,-1.5708
35,-44,-1.5708
35,-43,1.5708
35,-42,1.5708
35,-41,1.5708
35,-40,1.5708
35,-41,-1.5708
35,-42,-1.5708
35,-43,-1.5708
35,-44,-1.5708
35,-43,1.5708
35,-42,1.5708
35,-41,1.5708
35,-40,1.5708
34,-40,3.14159
33,-40,3.14159
32,-40,3.14159
31,-40,3.14159
30,-40,3.14159
29,-40,3.14159
28,-40,3.14159
27,-40,3.14159
28,-40,0
29,-40,0
30,-40,0
31,-40,0
30,-40,3.14159
29,-40,3.14159
28,-40,3.14159
27,-40,3.14159
27,-39,1.5708
27,-38,1.5708
27,-37,1.5708
27,-36,1.5708
28,-36,0
29,-36,0
30,-36,0
31,-36,0
31,-35,1.5708
31,-34,1.5708
31,-33,1.5708
31,-32,1.5708
31,-33,-1.5708
31,-34,-1.5708
31,-35,-1.5708
31,-36,-1.5708
30,-36,3.14159
29,-36,3.14159
28,-36,3.14159
27,-36,3.14159
27,-35,1.5708
27,-34,1.5708
27,-33,1.5708
27,-32,1.5708
26,-32,3.14159
25,-32,3.14159
24,-32,3.14159
23,-32,3.14159
23,-31,1.5708
23,-30,1.5708
23,-29,1.5708
23,-28,1.5708
23,-29,-1.5708
23,-30,-1.5708
23,-31,-1.5708
23,-32,-1.5708
23,-31,1.5708
23,-30,1.5708
23,-29,1.5708
23,-28,1.5708
24,-28,0
25,-28,0
26,-28,0
27,-28,0
27,-27,1.5708
27,-26,1.5708
27,-25,1.5708
27,-24,1.5708
26,-24,3.14159
25,-24,3.14159
24,-24,3.14159
23,-24,3.14159
23,-25,-1.5708
23,-26,-1.5708
23,-27,-1.5708
23,-28,-1.5708
23,-29,-1.5708
23,-30,-1.5708
23,-31,-1.5708
23,-32,-1.5708
24,-32,0
25,-32,0
26,-32,0
27,-32,0
27,-33,-1.5708
27,-34,-1.5708
27,-35,-1.5708
27,-36,-1.5708
27,-35,1.5708
27,-34,1.5708
27,-33,1.5708
27,-32,1.5708
27,-33,-1.5708
27,-34,-1.5708
27,-35,-1.5708
27,-36,-1.5708
28,-36,0
29,-36,0
30,-36,0
31,-36,0
30,-36,3.14159
29,-36,3.14159
28,-36,3.14159
27,-36,3.14159
28,-36,0
29,-36,0
30,-36,0
31,-36,0
30,-36,3.14159
29,-36,3.14159
28,-36,3.14159
27,-36,3.14159
28,-36,0
29,-36,0
30,-36,0
31,-36,0
31,-37,-1.5708
31,-38,-1.5708
31,-39,-1.5708
31,-40,-1.5708
31,-39,1.5708
31,-38,1.5708
31,-37,1.5708
31,-36,1.5708
31,-37,-1.5708
31,-38,-1.5708
31,-39,-1.5708
31,-40,-1.5708
31,-39,1.5708
31,-38,1.5708
31,-37,1.5708
31,-36,1.5708
32,-36,0
33,-36,0
34,-36,0
35,-36,0
35,-37,-1.5708
35,-38,-1.5708
35,-39,-1.5708
35,-40,-1.5708
34,-40,3.14159
33,-40,3.14159
32,-40,3.14159
31,-40,3.14159
31,-41,-1.5708
31,-42,-1.5708
31,-43,-1.5708
31,-44,-1.5708
32,-44,0
33,-44,0
34,-44,0
35,-44,0
34,-44,3.14159
33,-44,3.14159
32,-44,3.14159
31,-44,3.14159
31,-43,1.5708
31,-42,1.5708
31,-41,1.5708
31,-40,1.5708
31,-39,1.5708
31,-38,1.5708
31,-37,1.5708
31,-36,1.5708
31,-37,-1.5708
31,-38,-1.5708
31,-39,-1.5708
31,-40,-1.5708
31,-39,1.5708
31,-38,1.5708
31,-37,1.5708
31,-36,1.5708
31,-37,-1.5708
31,-38,-1.5708
31,-39,-1.5708
31,-40,-1.5708
31,-39,1.5708
31,-38,1.5708
31,-37,1.5708
31,-36,1.5708
30,-36,3.14159
29,-36,3.14159
28,-36,3.14159
27,-36,3.14159
27,-37,-1.5708
27,-38,-1.5708
27,-39,-1.5708
27,-40,-1.5708
28,-40,0
29,-40,0
30,-40,0
31,-40,0
30,-40,3.14159
29,-40,3.14159
28,-40,3.14159
27,-40,3.14159
26,-40,3.14159
25,-40,3.14159
24,-40,3.14159
23,-40,3.14159
24,-40,0
25,-40,0
26,-40,0
27,-40,0
26,-40,3.14159
25,-40,3.14159
24,-40,3.14159
23,-40,3.14159
23,-41,-1.5708
23,-42,-1.5708
23,-43,-1.5708
23,-44,-1.5708
22,-44,3.14159
21,-44,3.14159
20,-44,3.14159
19,-44,3.14159
20,-44,0
21,-44,0
22,-44,0
23,-44,0
23,-43,1.5708
23,-42,1.5708
23,-41,1.5708
23,-40,1.5708
22,-40,3.14159
21,-40,3.14159
20,-40,3.14159
19,-40,3.14159
20,-40,0
21,-40,0
22,-40,0
23,-40,0
23,-41,-1.5708
23,-42,-1.5708
23,-43,-1.5708
23,-44,-1.5708
22,-44,3.14159
21,-44,3.14159
20,-44,3.14159
19,-44,3.14159
20,-44,0
21,-44,0
22,-44,0
23,-44,0
22,-44,3.14159
21,-44,3.14159
20,-44,3.14159
19,-44,3.14159
19,-43,1.5708
19,-42,1.5708
19,-41,1.5708
19,-40,1.5708
19,-39,1.5708
19,-38,1.5708
19,-37,1.5708
19,-36,1.5708
18,-36,3.14159
17,-36,3.14159
16,-36,3.14159
15,-36,3.14159
15,-35,1.5708
15,-34,1.5708
15,-33,1.5708
15,-32,1.5708
14,-32,3.14159
13,-32,3.14159
12,-32,3.14159
11,-32,3.14159
10,-32,3.14159
9,-32,3.14159
8,-32,3.14159
7,-32,3.14159
8,-32,0
9,-32,0
10,-32,0
11,-32,0
11,-33,-1.5708
11,-34,-1.5708
11,-35,-1.5708
11,-36,-1.5708
10,-36,3.14159
9,-36,3.14159
8,-36,3.14159
7,-36,3.14159
8,-36,0
9,-36,0
10,-36,0
11,-36,0
11,-37,-1.5708
11,-38,-1.5708
11,-39,-1.5708
11,-40,-1.5708
12,-40,0
13,-40,0
14,-40,0
15,-40,0
14,-40,3.14159
13,-40,3.14159
12,-40,3.14159
11,-40,3.14159
12,-40,0
13,-40,0
14,-40,0
15,-40,0
15,-41,-1.5708
15,-42,-1.5708
15,-43,-1.5708
15,-44,-1.5708
16,-44,0
17,-44,0
18,-44,0
19,-44,0
19,-43,1.5708
19,-42,1.5708
19,-41,1.5708
19,-40,1.5708
18,-40,3.14159
17,-40,3.14159
16,-40,3.14159
15,-40,3.14159
15,-41,-1.5708
15,-42,-1.5708
15,-43,-1.5708
15,-44,-1.5708
15,-43,1.5708
15,-42,1.5708
15,-41,1.5708
15,-40,1.5708
16,-40,0
17,-40,0
18,-40,0
19,-40,0
19,-41,-1.5708
19,-42,-1.5708
19,-43,-1.5708
19,-44,-1.5708
19,-43,1.5708
19,-42,1.5708
19,-41,1.5708
19,-40,1.5708
20,-40,0
21,-40,0
22,-40,0
23,-40,0
23,-41,-1.5708
23,-42,-1.5708
23,-43,-1.5708
23,-44,-1.5708
23,-43,1.5708
23,-42,1.5708
23,-41,1.5708
23,-40,1.5708
22,-40,3.14159
21,-40,3.14159
20,-40,3.14159
19,-40,3.14159
20,-40,0
21,-40,0
22,-40,0
23,-40,0
23,-41,-1.5708
23,-42,-1.5708
23,-43,-1.5708
23,-44,-1.5708
24,-44,0
25,-44,0
26,-44,0
27,-44,0
27,-43,1.5708
27,-42,1.5708
27,-41,1.5708
27,-40,1.5708
27,-41,-1.5708
27,-42,-1.5708
27,-43,-1.5708
27,-44,-1.5708
28,-44,0
29,-44,0
30,-44,0
31,-44,0
31,-43,1.5708
31,-42,1.5708
31,-41,1.5708
31,-40,1.5708
32,-40,0
33,-40,0
34,-40,0
35,-40,0
35,-39,1.5708
35,-38,1.5708
35,-37,1.5708
35,-36,1.5708
34,-36,3.14159
33,-36,3.14159
32,-36,3.14159
31,-36,3.14159
31,-35,1.5708
31,-34,1.5708
31,-33,1.5708
31,-32,1.5708
32,-32,0
33,-32,0
34,-32,0
35,-32,0
35,-33,-1.5708
35,-34,-1.5708
35,-35,-1.5708
35,-36,-1.5708
34,-36,3.14159
33,-36,3.14159
32,-36,3.14159
31,-36,3.14159
32,-36,0
33,-36,0
34,-36,0
35,-36,0
35,-37,-1.5708
35,-38,-1.5708
35,-39,-1.5708
35,-40,-1.5708
36,-40,0
37,-40,0
38,-40,0
39,-40,0
38,-40,3.14159
37,-40,3.14159
36,-40,3.14159
35,-40,3.14159
36,-40,0
37,-40,0
38,-40,0
39,-40,0
38,-40,3.14159
37,-40,3.14159
36,-40,3.14159
35,-40,3.14159
36,-40,0
37,-40,0
38,-40,0
39,-40,0
39,-39,1.5708
39,-38,1.5708
39,-37,1.5708
39,-36,1.5708
39,-37,-1.5708
39,-38,-1.5708
39,-39,-1.5708
39,-40,-1.5708
38,-40,3.14159
37,-40,3.14159
36,-40,3.14159
35,-40,3.14159
36,-40,0
37,-40,0
38,-40,0
39,-40,0
39,-39,1.5708
39,-38,1.5708
39,-37,1.5708
39,-36,1.5708
40,-36,0
41,-36,0
42,-36,0
43,-36,0
43,-37,-1.5708
43,-38,-1.5708
43,-39,-1.5708
43,-40,-1.5708
42,-40,3.14159
41,-40,3.14159
40,-40,3.14159
39,-40,3.14159
39,-41,-1.5708
39,-42,-1.5708
39,-43,-1.5708
39,-44,-1.5708
40,-44,0
41,-44,0
42,-44,0
43,-44,0
42,-44,3.14159
41,-44,3.14159
40,-44,3.14159
39,-44,3.14159
38,-44,3.14159
37,-44,3.14159
36,-44,3.14159
35,-44,3.14159
35,-43,1.5708
35,-42,1.5708
35,-41,1.5708
35,-40,1.5708
34,-40,3.14159
33,-40,3.14159
32,-40,3.14159
31,-40,3.14159
31,-39,1.5708
31,-38,1.5708
31,-37,1.5708
31,-36,1.5708
30,-36,3.14159
29,-36,3.14159
28,-36,3.14159
27,-36,3.14159
27,-35,1.5708
27,-34,1.5708
27,-33,1.5708
27,-32,1.5708
27,-33,-1.5708
27,-34,-1.5708
27,-35,-1.5708
27,-36,-1.5708
28,-36,0
29,-36,0
30,-36,0
31,-36,0
31,-35,1.5708
31,-34,1.5708
31,-33,1.5708
31,-32,1.5708
32,-32,0
33,-32,0
34,-32,0
35,-32,0
35,-31,1.5708
35,-30,1.5708
35,-29,1.5708
35,-28,1.5708
36,-28,0
37,-28,0
38,-28,0
39,-28,0
39,-27,1.5708
39,-26,1.5708
39,-25,1.5708
39,-24,1.5708
39,-25,-1.5708
39,-26,-1.5708
39,-27,-1.5708
39,-28,-1.5708
39,-27,1.5708
39,-26,1.5708
39,-25,1.5708
39,-24,1.5708
39,-25,-1.5708
39,-26,-1.5708
39,-27,-1.5708
39,-28,-1.5708
40,-28,0
41,-28,0
42,-28,0
43,-28,0
42,-28,3.14159
41,-28,3.14159
40,-28,3.14159
39,-28,3.14159
39,-27,1.5708
39,-26,1.5708
39,-25,1.5708
39,-24,1.5708
39,-25,-1.5708
39,-26,-1.5708
39,-27,-1.5708
39,-28,-1.5708
39,-27,1.5708
39,-26,1.5708
39,-25,1.5708
39,-24,1.5708
40,-24,0
41,-24,0
42,-24,0
43,-24,0
42,-24,3.14159
41,-24,3.14159
40,-24,3.14159
39,-24,3.14159
40,-24,0
41,-24,0
42,-24,0
43,-24,0
42,-24,3.14159
41,-24,3.14159
40,-24,3.14159
39,-24,3.14159
39,-25,-1.5708
39,-26,-1.5708
39,-27,-1.5708
39,-28,-1.5708
38,-28,3.14159
37,-28,3.14159
36,-28,3.14159
35,-28,3.14159
36,-28,0
37,-28,0
38,-28,0
39,-28,0
39,-29,-1.5708
39,-30,-1.5708
39,-31,-1.5708
39,-32,-1.5708
40,-32,0
41,-32,0
42,-32,0
43,-32,0
42,-32,3.14159
41,-32,3.14159
40,-32,3.14159
39,-32,3.14159
39,-31,1.5708
39,-30,1.5708
39,-29,1.5708
39,-28,1.5708
38,-28,3.14159
37,-28,3.14159
36,-28,3.14159
35,-28,3.14159
35,-29,-1.5708
35,-30,-1.5708
35,-31,-1.5708
35,-32,-1.5708
34,-32,3.14159
33,-32,3.14159
32,-32,3.14159
31,-32,3.14159
31,-33,-1.5708
31,-34,-1.5708
31,-35,-1.5708
31,-36,-1.5708
32,-36,0
33,-36,0
34,-36,0
35,-36,0
35,-35,1.5708
35,-34,1.5708
35,-33,1.5708
35,-32,1.5708
34,-32,3.14159
33,-32,3.14159
32,-32,3.14159
31,-32,3.14159
31,-33,-1.5708
31,-34,-1.5708
31,-35,-1.5708
31,-36,-1.5708
31,-35,1.5708
31,-34,1.5708
31,-33,1.5708
31,-32,1.5708
32,-32,0
33,-32,0
34,-32,0
35,-32,0
34,-32,3.14159
33,-32,3.14159
32,-32,3.14159
31,-32,3.14159
31,-31,1.5708
31,-30,1.5708
31,-29,1.5708
31,-28,1.5708
32,-28,0
33,-28,0
34,-28,0
35,-28,0
35,-29,-1.5708
35,-30,-1.5708
35,-31,-1.5708
35,-32,-1.5708
35,-31,1.5708
35,-30,1.5708
35,-29,1.5708
35,-28,1.5708
34,-28,3.14159
33,-28,3.14159
32,-28,3.14159
31,-28,3.14159
31,-29,-1.5708
31,-30,-1.5708
31,-31,-1.5708
31,-32,-1.5708
32,-32,0
33,-32,0
34,-32,0
35,-32,0
35,-33,-1.5708
35,-34,-1.5708
35,-35,-1.5708
35,-36,-1.5708
36,-36,0
37,-36,0
38,-36,0
39,-36,0
40,-36,0
41,-36,0
42,-36,0
43,-36,0
43,-37,-1.5708
43,-38,-1.5708
43,-39,-1.5708
43,-40,-1.5708
43,-39,1.5708
43,-38,1.5708
43,-37,1.5708
43,-36,1.5708
42,-36,3.14159
41,-36,3.14159
40,-36,3.14159
39,-36,3.14159
39,-35,1.5708
39,-34,1.5708
39,-33,1.5708
39,-32,1.5708
38,-32,3.14159
37,-32,3.14159
36,-32,3.14159
35,-32,3.14159
35,-33,-1.5708
35,-34,-1.5708
35,-35,-1.5708
35,-36,-1.5708
34,-36,3.14159
33,-36,3.14159
32,-36,3.14159
31,-36,3.14159
31,-37,-1.5708
31,-38,-1.5708
31,-39,-1.5708
31,-40,-1.5708
30,-40,3.14159
29,-40,3.14159
28,-40,3.14159
27,-40,3.14159
26,-40,3.14159
25,-40,3.14159
24,-40,3.14159
23,-40,3.14159
23,-41,-1.5708
23,-42,-1.5708
23,-43,-1.5708
23,-44,-1.5708
23,-43,1.5708
23,-42,1.5708
23,-41,1.5708
23,-40,1.5708
23,-39,1.5708
23,-38,1.5708
23,-37,1.5708
23,-36,1.5708
24,-36,0
25,-36,0
26,-36,0
27,-36,0
26,-36,3.14159
25,-36,3.14159
24,-36,3.14159
23,-36,3.14159
23,-35,1.5708
23,-34,1.5708
23,-33,1.5708
23,-32,1.5708
24,-32,0
25,-32,0
26,-32,0
27,-32,0
26,-32,3.14159
25,-32,3.14159
24,-32,3.14159
23,-32,3.14159
23,-33,-1.5708
23,-34,-1.5708
23,-35,-1.5708
23,-36,-1.5708
23,-37,-1.5708
23,-38,-1.5708
23,-39,-1.5708
23,-40,-1.5708
22,-40,3.14159
21,-40,3.14159
20,-40,3.14159
19,-40,3.14159
18,-40,3.14159
17,-40,3.14159
16,-40,3.14159
15,-40,3.14159
15,-39,1.5708
15,-38,1.5708
15,-37,1.5708
15,-36,1.5708
16,-36,0
17,-36,0
18,-36,0
19,-36,0
19,-37,-1.5708
19,-38,-1.5708
19,-39,-1.5708
19,-40,-1.5708
20,-40,0
21,-40,0
22,-40,0
23,-40,0
23,-41,-1.5708
23,-42,-1.5708
23,-43,-1.5708
23,-44,-1.5708
23,-43,1.5708
23,-42,1.5708
23,-41,1.5708
23,-40,1.5708
24,-40,0
25,-40,0
26,-40,0
27,-40,0
27,-39,1.5708
27,-38,1.5708
27,-37,1.5708
27,-36,1.5708
28,-36,0
29,-36,0
30,-36,0
31,-36,0
31,-35,1.5708
31,-34,1.5708
31,-33,1.5708
31,-32,1.5708
31,-33,-1.5708
31,-34,-1.5708
31,-35,-1.5708
31,-36,-1.5708
31,-35,1.5708
31,-34,1.5708
31,-33,1.5708
31,-32,1.5708
30,-32,3.14159
29,-32,3.14159
28,-32,3.14159
27,-32,3.14159
27,-33,-1.5708
27,-34,-1.5708
27,-35,-1.5708
27,-36,-1.5708
26,-36,3.14159
25,-36,3.14159
24,-36,3.14159
23,-36,3.14159
22,-36,3.14159
21,-36,3.14159
20,-36,3.14159
19,-36,3.14159
19,-35,1.5708
19,-34,1.5708
19,-33,1.5708
19,-32,1.5708
19,-33,-1.5708
19,-34,-1.5708
19,-35,-1.5708
19,-36,-1.5708
18,-36,3.14159
17,-36,3.14159
16,-36,3.14159
15,-36,3.14159
16,-36,0
17,-36,0
18,-36,0
19,-36,0
19,-35,1.5708
19,-34,1.5708
19,-33,1.5708
19,-32,1.5708
18,-32,3.14159
17,-32,3.14159
16,-32,3.14159
15,-32,3.14159
15,-33,-1.5708
15,-34,-1.5708
15,-35,-1.5708
15,-36,-1.5708
15,-37,-1.5708
15,-38,-1.5708
15,-39,-1.5708
15,-40,-1.5708
14,-40,3.14159
13,-40,3.14159
12,-40,3.14159
11,-40,3.14159
11,-41,-1.5708
11,-42,-1.5708
11,-43,-1.5708
11,-44,-1.5708
10,-44,3.14159
9,-44,3.14159
8,-44,3.14159
7,-44,3.14159
8,-44,0
9,-44,0
10,-44,0
11,-44,0
11,-43,1.5708
11,-42,1.5708
11,-41,1.5708
11,-40,1.5708
10,-40,3.14159
9,-40,3.14159
8,-40,3.14159
7,-40,3.14159
7,-39,1.5708
7,-38,1.5708
7,-37,1.5708
7,-36,1.5708
6,-36,3.14159
5,-36,3.14159
4,-36,3.14159
3,-36,3.14159
3,-37,-1.5708
3,-38,-1.5708
3,-39,-1.5708
3,-40,-1.5708
3,-39,1.5708
3,-38,1.5708
3,-37,1.5708
3,-36,1.5708
2,-36,3.14159
1,-36,3.14159
0,-36,3.14159
-1,-36,3.14159
-1,-35,1.5708
-1,-34,1.5708
-1,-33,1.5708
-1,-32,1.5708
0,-32,0
1,-32,0
2,-32,0
3,-32,0
2,-32,3.14159
1,-32,3.14159
0,-32,3.14159
-1,-32,3.14159
-1,-31,1.5708
-1,-30,1.5708
-1,-29,1.5708
-1,-28,1.5708
-2,-28,3.14159
-3,-28,3.14159
-4,-28,3.14159
-5,-28,3.14159
-5,-29,-1.5708
-5,-30,-1.5708
-5,-31,-1.5708
-5,-32,-1.5708
-4,-32,0
-3,-32,0
-2,-32,0
-1,-32,0
-1,-33,-1.5708
-1,-34,-1.5708
-1,-35,-1.5708
-1,-36,-1.5708
0,-36,0
1,-36,0
2,-36,0
3,-36,0
3,-37,-1.5708
3,-38,-1.5708
3,-39,-1.5708
3,-40,-1.5708
2,-40,3.14159
1,-40,3.14159
0,-40,3.14159
-1,-40,3.14159
0,-40,0
1,-40,0
2,-40,0
3,-40,0
4,-40,0
5,-40,0
6,-40,0
7,-40,0
8,-40,0
9,-40,0
10,-40,0
11,-40,0
11,-39,1.5708
11,-38,1.5708
11,-37,1.5708
11,-36,1.5708
12,-36,0
13,-36,0
14,-36,0
15,-36,0
15,-35,1.5708
15,-34,1.5708
15,-33,1.5708
15,-32,1.5708
14,-32,3.14159
13,-32,3.14159
12,-32,3.14159
11,-32,3.14159
12,-32,0
13,-32,0
14,-32,0
15,-32,0
15,-33,-1.5708
15,-34,-1.5708
15,-35,-1.5708
15,-36,-1.5708
15,-35,1.5708
15,-34,1.5708
15,-33,1.5708
15,-32,1.5708
14,-32,3.14159
13,-32,3.14159
12,-32,3.14159
11,-32,3.14159
11,-31,1.5708
11,-30,1.5708
11,-29,1.5708
11,-28,1.5708
12,-28,0
13,-28,0
14,-28,0
15,-28,0
16,-28,0
17,-28,0
18,-28,0
19,-28,0
18,-28,3.14159
17,-28,3.14159
16,-28,3.14159
15,-28,3.14159
15,-29,-1.5708
15,-30,-1.5708
15,-31,-1.5708
15,-32,-1.5708
15,-33,-1.5708
15,-34,-1.5708
15,-35,-1.5708
15,-36,-1.5708
15,-35,1.5708
15,-34,1.5708
15,-33,1.5708
15,-32,1.5708
15,-33,-1.5708
15,-34,-1.5708
15,-35,-1.5708
15,-36,-1.5708
15,-35,1.5708
15,-34,1.5708
15,-33,1.5708
15,-32,1.5708
16,-32,0
17,-32,0
18,-32,0
19,-32,0
19,-33,-1.5708
19,-34,-1.5708
19,-35,-1.5708
19,-36,-1.5708
20,-36,0
21,-36,0
22,-36,0
23,-36,0
22,-36,3.14159
21,-36,3.14159
20,-36,3.14159
19,-36,3.14159
19,-35,1.5708
19,-34,1.5708
19,-33,1.5708
19,-32,1.5708
18,-32,3.14159
17,-32,3.14159
16,-32,3.14159
15,-32,3.14159
16,-32,0
17,-32,0
18,-32,0
19,-32,0
19,-33,-1.5708
19,-34,-1.5708
19,-35,-1.5708
19,-36,-1.5708
19,-35,1.5708
19,-34,1.5708
19,-33,1.5708
19,-32,1.5708
20,-32,0
21,-32,0
22,-32,0
23,-32,0
22,-32,3.14159
21,-32,3.14159
20,-32,3.14159
19,-32,3.14159
20,-32,0
21,-32,0
22,-32,0
23,-32,0
23,-33,-1.5708
23,-34,-1.5708
23,-35,-1.5708
23,-36,-1.5708
23,-35,1.5708
23,-34,1.5708
23,-33,1.5708
23,-32,1.5708
24,-32,0
25,-32,0
26,-32,0
27,-32,0
27,-31,1.5708
27,-30,1.5708
27,-29,1.5708
27,-28,1.5708
26,-28,3.14159
25,-28,3.14159
24,-28,3.14159
23,-28,3.14159
24,-28,0
25,-28,0
26,-28,0
27,-28,0
26,-28,3.14159
25,-28,3.14159
24,-28,3.14159
23,-28,3.14159
24,-28,0
25,-28,0
26,-28,0
27,-28,0
27,-29,-1.5708
27,-30,-1.5708
27,-31,-1.5708
27,-32,-1.5708
27,-33,-1.5708
27,-34,-1.5708
27,-35,-1.5708
27,-36,-1.5708
27,-35,1.5708
27,-34,1.5708
27,-33,1.5708
27,-32,1.5708
27,-33,-1.5708
27,-34,-1.5708
27,-35,-1.5708
27,-36,-1.5708
28,-36,0
29,-36,0
30,-36,0
31,-36,0
30,-36,3.14159
29,-36,3.14159
28,-36,3.14159
27,-36,3.14159
28,-36,0
29,-36,0
30,-36,0
31,-36,0
31,-37,-1.5708
31,-38,-1.5708
31,-39,-1.5708
31,-40,-1.5708
30,-40,3.14159
29,-40,3.14159
28,-40,3.14159
27,-40,3.14159
28,-40,0
29,-40,0
30,-40,0
31,-40,0
32,-40,0
33,-40,0
34,-40,0
35,-40,0
35,-39,1.5708
35,-38,1.5708
35,-37,1.5708
35,-36,1.5708
34,-36,3.14159
33,-36,3.14159
32,-36,3.14159
31,-36,3.14159
32,-36,0
33,-36,0
34,-36,0
35,-36,0
35,-37,-1.5708
35,-38,-1.5708
35,-39,-1.5708
35,-40,-1.5708
36,-40,0
37,-40,0
38,-40,0
39,-40,0
38,-40,3.14159
37,-40,3.14159
36,-40,3.14159
35,-40,3.14159
35,-39,1.5708
35,-38,1.5708
35,-37,1.5708
35,-36,1.5708
35,-37,-1.5708
35,-38,-1.5708
35,-39,-1.5708
35,-40,-1.5708
36,-40,0
37,-40,0
38,-40,0
39,-40,0
39,-39,1.5708
39,-38,1.5708
39,-37,1.5708
39,-36,1.5708
38,-36,3.14159
37,-36,3.14159
36,-36,3.14159
35,-36,3.14159
36,-36,0
37,-36,0
38,-36,0
39,-36,0
39,-35,1.5708
39,-34,1.5708
39,-33,1.5708
39,-32,1.5708
39,-33,-1.5708
39,-34,-1.5708
39,-35,-1.5708
39,-36,-1.5708
39,-35,1.5708
39,-34,1.5708
39,-33,1.5708
39,-32,1.5708
38,-32,3.14159
37,-32,3.14159
36,-32,3.14159
35,-32,3.14159
36,-32,0
37,-32,0
38,-32,0
39,-32,0
38,-32,3.14159
37,-32,3.14159
36,-32,3.14159
35,-32,3.14159
35,-31,1.5708
35,-30,1.5708
35,-29,1.5708
35,-28,1.5708
36,-28,0
37,-28,0
38,-28,0
39,-28,0
38,-28,3.14159
37,-28,3.14159
36,-28,3.14159
35,-28,3.14159
36,-28,0
37,-28,0
38,-28,0
39,-28,0
40,-28,0
41,-28,0
42,-28,0
43,-28,0
43,-27,1.5708
43,-26,1.5708
43,-25,1.5708
43,-24,1.5708
42,-24,3.14159
41,-24,3.14159
40,-24,3.14159
39,-24,3.14159
40,-24,0
41,-24,0
42,-24,0
43,-24,0
43,-23,1.5708
43,-22,1.5708
43,-21,1.5708
43,-20,1.5708
42,-20,3.14159
41,-20,3.14159
40,-20,3.14159
39,-20,3.14159
40,-20,0
41,-20,0
42,-20,0
43,-20,0
43,-19,1.5708
43,-18,1.5708
43,-17,1.5708
43,-16,1.5708
43,-17,-1.5708
43,-18,-1.5708
43,-19,-1.5708
43,-20,-1.5708
43,-19,1.5708
43,-18,1.5708
43,-17,1.5708
43,-16,1.5708
42,-16,3.14159
41,-16,3.14159
40,-16,3.14159
39,-16,3.14159
40,-16,0
41,-16,0
42,-16,0
43,-16,0
42,-16,3.14159
41,-16,3.14159
40,-16,3.14159
39,-16,3.14159
39,-17,-1.5708
39,-18,-1.5708
39,-19,-1.5708
39,-20,-1.5708
38,-20,3.14159
37,-20,3.14159
36,-20,3.14159
35,-20,3.14159
36,-20,0
37,-20,0
38,-20,0
39,-20,0
39,-21,-1.5708
39,-22,-1.5708
39,-23,-1.5708
39,-24,-1.5708
39,-23,1.5708
39,-22,1.5708
39,-21,1.5708
39,-20,1.5708
38,-20,3.14159
37,-20,3.14159
36,-20,3.14159
35,-20,3.14159
36,-20,0
37,-20,0
38,-20,0
39,-20,0
39,-21,-1.5708
39,-22,-1.5708
39,-23,-1.5708
39,-24,-1.5708
39,-23,1.5708
39,-22,1.5708
39,-21,1.5708
39,-20,1.5708
40,-20,0
41,-20,0
42,-20,0
43,-20,0
42,-20,3.14159
41,-20,3.14159
40,-20,3.14159
39,-20,3.14159
39,-21,-1.5708
39,-22,-1.5708
39,-23,-1.5708
39,-24,-1.5708
39,-23,1.5708
39,-22,1.5708
39,-21,1.5708
39,-20,1.5708
40,-20,0
41,-20,0
42,-20,0
43,-20,0
42,-20,3.14159
41,-20,3.14159
40,-20,3.14159
39,-20,3.14159
40,-20,0
41,-20,0
42,-20,0
43,-20,0
43,-19,1.5708
43,-18,1.5708
43,-17,1.5708
43,-16,1.5708
42,-16,3.14159
41,-16,3.14159
40,-16,3.14159
39,-16,3.14159
39,-15,1.5708
39,-14,1.5708
39,-13,1.5708
39,-12,1.5708
39,-13,-1.5708
39,-14,-1.5708
39,-15,-1.5708
39,-16,-1.5708
40,-16,0
41,-16,0
42,-16,0
43,-16,0
43,-17,-1.5708
43,-18,-1.5708
43,-19,-1.5708
43,-20,-1.5708
43,-19,1.5708
43,-18,1.5708
43,-17,1.5708
43,-16,1.5708
42,-16,3.14159
41,-16,3.14159
40,-16,3.14159
39,-16,3.14159
39,-17,-1.5708
39,-18,-1.5708
39,-19,-1.5708
39,-20,-1.5708
40,-20,0
41,-20,0
42,-20,0
43,-20,0
43,-19,1.5708
43,-18,1.5708
43,-17,1.5708
43,-16,1.5708
42,-16,3.14159
41,-16,3.14159
40,-16,3.14159
39,-16,3.14159
39,-15,1.5708
39,-14,1.5708
39,-13,1.5708
39,-12,1.5708
39,-13,-1.5708
39,-14,-1.5708
39,-15,-1.5708
39,-16,-1.5708
40,-16,0
41,-16,0
42,-16,0
43,-16,0
43,-17,-1.5708
43,-18,-1.5708
43,-19,-1.5708
43,-20,-1.5708
43,-21,-1.5708
43,-22,-1.5708
43,-23,-1.5708
43,-24,-1.5708
42,-24,3.14159
41,-24,3.14159
40,-24,3.14159
39,-24,3.14159
39,-23,1.5708
39,-22,1.5708
39,-21,1.5708
39,-20,1.5708
40,-20,0
41,-20,0
42,-20,0
43,-20,0
43,-21,-1.5708
43,-22,-1.5708
43,-23,-1.5708
43,-24,-1.5708
43,-23,1.5708
43,-22,1.5708
43,-21,1.5708
43,-20,1.5708
42,-20,3.14159
41,-20,3.14159
40,-20,3.14159
39,-20,3.14159
39,-19,1.5708
39,-18,1.5708
39,-17,1.5708
39,-16,1.5708
39,-17,-1.5708
39,-18,-1.5708
39,-19,-1.5708
39,-20,-1.5708
39,-19,1.5708
39,-18,1.5708
39,-17,1.5708
39,-16,1.5708
38,-16,3.14159
37,-16,3.14159
36,-16,3.14159
35,-16,3.14159
35,-15,1.5708
35,-14,1.5708
35,-13,1.5708
35,-12,1.5708
36,-12,0
37,-12,0
38,-12,0
39,-12,0
38,-12,3.14159
37,-12,3.14159
36,-12,3.14159
35,-12,3.14159
35,-11,1.5708
35,-10,1.5708
35,-9,1.5708
35,-8,1.5708
36,-8,0
37,-8,0
38,-8,0
39,-8,0
38,-8,3.14159
37,-8,3.14159
36,-8,3.14159
35,-8,3.14159
35,-7,1.5708
35,-6,1.5708
35,-5,1.5708
35,-4,1.5708
34,-4,3.14159
33,-4,3.14159
32,-4,3.14159
31,-4,3.14159
32,-4,0
33,-4,0
34,-4,0
35,-4,0
34,-4,3.14159
33,-4,3.14159
32,-4,3.14159
31,-4,3.14159
32,-4,0
33,-4,0
34,-4,0
35,-4,0
35,-3,1.5708
35,-2,1.5708
35,-1,1.5708
35,0,1.5708
34,0,3.14159
33,0,3.14159
32,0,3.14159
31,0,3.14159
31,1,1.5708
31,2,1.5708
31,3,1.5708
31,4,1.5708
30,4,3.14159
29,4,3.14159
28,4,3.14159
27,4,3.14159
27,5,1.5708
27,6,1.5708
27,7,1.5708
27,8,1.5708
27,9,1.5708
27,10,1.5708
27,11,1.5708
27,12,1.5708
28,12,0
29,12,0
30,12,0
31,12,0
31,11,-1.5708
31,10,-1.5708
31,9,-1.5708
31,8,-1.5708
32,8,0
33,8,0
34,8,0
35,8,0
34,8,3.14159
33,8,3.14159
32,8,3.14159
31,8,3.14159
31,7,-1.5708
31,6,-1.5708
31,5,-1.5708
31,4,-1.5708
30,4,3.14159
29,4,3.14159
28,4,3.14159
27,4,3.14159
27,5,1.5708
27,6,1.5708
27,7,1.5708
27,8,1.5708
26,8,3.14159
25,8,3.14159
24,8,3.14159
23,8,3.14159
23,7,-1.5708
23,6,-1.5708
23,5,-1.5708
23,4,-1.5708
24,4,0
25,4,0
26,4,0
27,4,0
27,3,-1.5708
27,2,-1.5708
27,1,-1.5708
27,0,-1.5708
26,0,3.14159
25,0,3.14159
24,0,3.14159
23,0,3.14159
22,0,3.14159
21,0,3.14159
20,0,3.14159
19,0,3.14159
19,1,1.5708
19,2,1.5708
19,3,1.5708
19,4,1.5708
18,4,3.14159
17,4,3.14159
16,4,3.14159
15,4,3.14159
15,3,-1.5708
15,2,-1.5708
15,1,-1.5708
15,0,-1.5708
15,1,1.5708
15,2,1.5708
15,3,1.5708
15,4,1.5708
15,3,-1.5708
15,2,-1.5708
15,1,-1.5708
15,0,-1.5708
15,1,1.5708
15,2,1.5708
15,3,1.5708
15,4,1.5708
14,4,3.14159
13,4,3.14159
12,4,3.14159
11,4,3.14159
11,3,-1.5708
11,2,-1.5708
11,1,-1.5708
11,0,-1.5708
11,1,1.5708
11,2,1.5708
11,3,1.5708
11,4,1.5708
10,4,3.14159
9,4,3.14159
8,4,3.14159
7,4,3.14159
7,5,1.5708
7,6,1.5708
7,7,1.5708
7,8,1.5708
6,8,3.14159
5,8,3.14159
4,8,3.14159
3,8,3.14159
3,7,-1.5708
3,6,-1.5708
3,5,-1.5708
3,4,-1.5708
2,4,3.14159
1,4,3.14159
0,4,3.14159
-1,4,3.14159
-1,3,-1.5708
-1,2,-1.5708
-1,1,-1.5708
-1,0,-1.5708
0,0,0
1,0,0
2,0,0
3,0,0
4,0,0
5,0,0
6,0,0
7,0,0
7,-1,-1.5708
7,-2,-1.5708
7,-3,-1.5708
7,-4,-1.5708
7,-3,1.5708
7,-2,1.5708
7,-1,1.5708
7,0,1.5708
7,-1,-1.5708
7,-2,-1.5708
7,-3,-1.5708
7,-4,-1.5708
6,-4,3.14159
5,-4,3.14159
4,-4,3.14159
3,-4,3.14159
3,-5,-1.5708
3,-6,-1.5708
3,-7,-1.5708
3,-8,-1.5708
3,-7,1.5708
3,-6,1.5708
3,-5,1.5708
3,-4,1.5708
4,-4,0
5,-4,0
6,-4,0
7,-4,0
7,-3,1.5708
7,-2,1.5708
7,-1,1.5708
7,0,1.5708
8,0,0
9,0,0
10,0,0
11,0,0
10,0,3.14159
9,0,3.14159
8,0,3.14159
7,0,3.14159
7,-1,-1.5708
7,-2,-1.5708
7,-3,-1.5708
7,-4,-1.5708
6,-4,3.14159
5,-4,3.14159
4,-4,3.14159
3,-4,3.14159
4,-4,0
5,-4,0
6,-4,0
7,-4,0
6,-4,3.14159
5,-4,3.14159
4,-4,3.14159
3,-4,3.14159
4,-4,0
5,-4,0
6,-4,0
7,-4,0
6,-4,3.14159
5,-4,3.14159
4,-4,3.14159
3,-4,3.14159
3,-5,-1.5708
3,-6,-1.5708
3,-7,-1.5708
3,-8,-1.5708
2,-8,3.14159
1,-8,3.14159
0,-8,3.14159
-1,-8,3.14159
-1,-7,1.5708
-1,-6,1.5708
-1,-5,1.5708
-1,-4,1.5708
-1,-3,1.5708
-1,-2,1.5708
-1,-1,1.5708
-1,0,1.5708
-1,-1,-1.5708
-1,-2,-1.5708
-1,-3,-1.5708
-1,-4,-1.5708
-1,-3,1.5708
-1,-2,1.5708
-1,-1,1.5708
-1,0,1.5708
0,0,0
1,0,0
2,0,0
3,0,0
2,0,3.14159
1,0,3.14159
0,0,3.14159
-1,0,3.14159
0,0,0
1,0,0
2,0,0
3,0,0
2,0,3.14159
1,0,3.14159
0,0,3.14159
-1,0,3.14159
0,0,0
1,0,0
2,0,0
3,0,0
3,-1,-1.5708
3,-2,-1.5708
3,-3,-1.5708
3,-4,-1.5708
3,-3,1.5708
3,-2,1.5708
3,-1,1.5708
3,0,1.5708
3,-1,-1.5708
3,-2,-1.5708
3,-3,-1.5708
3,-4,-1.5708
3,-3,1.5708
3,-2,1.5708
3,-1,1.5708
3,0,1.5708
4,0,0
5,0,0
6,0,0
7,0,0
6,0,3.14159
5,0,3.14159
4,0,3.14159
3,0,3.14159
4,0,0
5,0,0
6,0,0
7,0,0
7,-1,-1.5708
7,-2,-1.5708
7,-3,-1.5708
7,-4,-1.5708
6,-4,3.14159
5,-4,3.14159
4,-4,3.14159
3,-4,3.14159
3,-3,1.5708
3,-2,1.5708
3,-1,1.5708
3,0,1.5708
4,0,0
5,0,0
6,0,0
7,0,0
6,0,3.14159
5,0,3.14159
4,0,3.14159
3,0,3.14159
3,1,1.5708
3,2,1.5708
3,3,1.5708
3,4,1.5708
4,4,0
5,4,0
6,4,0
7,4,0
6,4,3.14159
5,4,3.14159
4,4,3.14159
3,4,3.14159
3,3,-1.5708
3,2,-1.5708
3,1,-1.5708
3,0,-1.5708
2,0,3.14159
1,0,3.14159
0,0,3.14159
-1,0,3.14159
-1,1,1.5708
-1,2,1.5708
-1,3,1.5708
-1,4,1.5708
-2,4,3.14159
-3,4,3.14159
-4,4,3.14159
-5,4,3.14159
-5,5,1.5708
-5,6,1.5708
-5,7,1.5708
-5,8,1.5708
-6,8,3.14159
-7,8,3.14159
-8,8,3.14159
-9,8,3.14159
-9,7,-1.5708
-9,6,-1.5708
-9,5,-1.5708
-9,4,-1.5708
-10,4,3.14159
-11,4,3.14159
-12,4,3.14159
-13,4,3.14159
-13,3,-1.5708
-13,2,-1.5708
-13,1,-1.5708
-13,0,-1.5708
-13,-1,-1.5708
-13,-2,-1.5708
-13,-3,-1.5708
-13,-4,-1.5708
-12,-4,0
-11,-4,0
-10,-4,0
-9,-4,0
-9,-3,1.5708
-9,-2,1.5708
-9,-1,1.5708
-9,0,1.5708
-8,0,0
-7,0,0
-6,0,0
-5,0,0
-6,0,3.14159
-7,0,3.14159
-8,0,3.14159
-9,0,3.14159
-8,0,0
-7,0,0
-6,0,0
-5,0,0
-5,-1,-1.5708
-5,-2,-1.5708
-5,-3,-1.5708
-5,-4,-1.5708
-6,-4,3.14159
-7,-4,3.14159
-8,-4,3.14159
-9,-4,3.14159
-9,-5,-1.5708
-9,-6,-1.5708
-9,-7,-1.5708
-9,-8,-1.5708
-10,-8,3.14159
-11,-8,3.14159
-12,-8,3.14159
-13,-8,3.14159
-13,-9,-1.5708
-13,-10,-1.5708
-13,-11,-1.5708
-13,-12,-1.5708
-14,-12,3.14159
-15,-12,3.14159
-16,-12,3.14159
-17,-12,3.14159
-17,-13,-1.5708
-17,-14,-1.5708
-17,-15,-1.5708
-17,-16,-1.5708
-18,-16,3.14159
-19,-16,3.14159
-20,-16,3.14159
-21,-16,3.14159
-20,-16,0
-19,-16,0
-18,-16,0
-17,-16,0
-18,-16,3.14159
-19,-16,3.14159
-20,-16,3.14159
-21,-16,3.14159
-20,-16,0
-19,-16,0
-18,-16,0
-17,-16,0
-17,-15,1.5708
-17,-14,1.5708
-17,-13,1.5708
-17,-12,1.5708
-17,-13,-1.5708
-17,-14,-1.5708
-17,-15,-1.5708
-17,-16,-1.5708
-18,-16,3.14159
-19,-16,3.14159
-20,-16,3.14159
-21,-16,3.14159
-21,-15,1.5708
-21,-14,1.5708
-21,-13,1.5708
-21,-12,1.5708
-20,-12,0
-19,-12,0
-18,-12,0
-17,-12,0
-18,-12,3.14159
-19,-12,3.14159
-20,-12,3.14159
-21,-12,3.14159
-20,-12,0
-19,-12,0
-18,-12,0
-17,-12,0
-18,-12,3.14159
-19,-12,3.14159
-20,-12,3.14159
-21,-12,3.14159
-21,-11,1.5708
-21,-10,1.5708
-21,-9,1.5708
-21,-8,1.5708
-22,-8,3.14159
-23,-8,3.14159
-24,-8,3.14159
-25,-8,3.14159
-25,-9,-1.5708
-25,-10,-1.5708
-25,-11,-1.5708
-25,-12,-1.5708
-25,-11,1.5708
-25,-10,1.5708
-25,-9,1.5708
-25,-8,1.5708
-25,-9,-1.5708
-25,-10,-1.5708
-25,-11,-1.5708
-25,-12,-1.5708
-26,-12,3.14159
-27,-12,3.14159
-28,-12,3.14159
-29,-12,3.14159
-29,-11,1.5708
-29,-10,1.5708
-29,-9,1.5708
-29,-8,1.5708
-29,-9,-1.5708
-29,-10,-1.5708
-29,-11,-1.5708
-29,-12,-1.5708
-30,-12,3.14159
-31,-12,3.14159
-32,-12,3.14159
-33,-12,3.14159
-32,-12,0
-31,-12,0
-30,-12,0
-29,-12,0
-30,-12,3.14159
-31,-12,3.14159
-32,-12,3.14159
-33,-12,3.14159
-33,-11,1.5708
-33,-10,1.5708
-33,-9,1.5708
-33,-8,1.5708
-34,-8,3.14159
-35,-8,3.14159
-36,-8,3.14159
-37,-8,3.14159
-37,-9,-1.5708
-37,-10,-1.5708
-37,-11,-1.5708
-37,-12,-1.5708
-38,-12,3.14159
-39,-12,3.14159
-40,-12,3.14159
-41,-12,3.14159
-41,-11,1.5708
-41,-10,1.5708
-41,-9,1.5708
-41,-8,1.5708
-41,-9,-1.5708
-41,-10,-1.5708
-41,-11,-1.5708
-41,-12,-1.5708
-41,-11,1.5708
-41,-10,1.5708
-41,-9,1.5708
-41,-8,1.5708
-40,-8,0
-39,-8,0
-38,-8,0
-37,-8,0
-38,-8,3.14159
-39,-8,3.14159
-40,-8,3.14159
-41,-8,3.14159
-41,-7,1.5708
-41,-6,1.5708
-41,-5,1.5708
-41,-4,1.5708
-41,-5,-1.5708
-41,-6,-1.5708
-41,-7,-1.5708
-41,-8,-1.5708
-41,-7,1.5708
-41,-6,1.5708
-41,-5,1.5708
-41,-4,1.5708
-42,-4,3.14159
-43,-4,3.14159
-44,-4,3.14159
-45,-4,3.14159
-45,-3,1.5708
-45,-2,1.5708
-45,-1,1.5708
-45,0,1.5708
-45,-1,-1.5708
-45,-2,-1.5708
-45,-3,-1.5708
-45,-4,-1.5708
-44,-4,0
-43,-4,0
-42,-4,0
-41,-4,0
-40,-4,0
-39,-4,0
-38,-4,0
-37,-4,0
-37,-5,-1.5708
-37,-6,-1.5708
-37,-7,-1.5708
-37,-8,-1.5708
-38,-8,3.14159
-39,-8,3.14159
-40,-8,3.14159
-41,-8,3.14159
-41,-9,-1.5708
-41,-10,-1.5708
-41,-11,-1.5708
-41,-12,-1.5708
-42,-12,3.14159
-43,-12,3.14159
-44,-12,3.14159
-45,-12,3.14159
-45,-13,-1.5708
-45,-14,-1.5708
-45,-15,-1.5708
-45,-16,-1.5708
-44,-16,0
-43,-16,0
-42,-16,0
-41,-16,0
-41,-15,1.5708
-41,-14,1.5708
-41,-13,1.5708
-41,-12,1.5708
-42,-12,3.14159
-43,-12,3.14159
-44,-12,3.14159
-45,-12,3.14159
-45,-11,1.5708
-45,-10,1.5708
-45,-9,1.5708
-45,-8,1.5708
-44,-8,0
-43,-8,0
-42,-8,0
-41,-8,0
-42,-8,3.14159
-43,-8,3.14159
-44,-8,3.14159
-45,-8,3.14159
-45,-7,1.5708
-45,-6,1.5708
-45,-5,1.5708
-45,-4,1.5708
-45,-5,-1.5708
-45,-6,-1.5708
-45,-7,-1.5708
-45,-8,-1.5708
-45,-7,1.5708
-45,-6,1.5708
-45,-5,1.5708
-45,-4,1.5708
-45,-3,1.5708
-45,-2,1.5708
-45,-1,1.5708
-45,0,1.5708
-44,0,0
-43,0,0
-42,0,0
-41,0,0
-41,1,1.5708
-41,2,1.5708
-41,3,1.5708
-41,4,1.5708
-40,4,0
-39,4,0
-38,4,0
-37,4,0
-36,4,0
-35,4,0
-34,4,0
-33,4,0
-33,3,-1.5708
-33,2,-1.5708
-33,1,-1.5708
-33,0,-1.5708
-34,0,3.14159
-35,0,3.14159
-36,0,3.14159
-37,0,3.14159
-37,1,1.5708
-37,2,1.5708
-37,3,1.5708
-37,4,1.5708
-37,3,-1.5708
-37,2,-1.5708
-37,1,-1.5708
-37,0,-1.5708
-37,-1,-1.5708
-37,-2,-1.5708
-37,-3,-1.5708
-37,-4,-1.5708
-38,-4,3.14159
-39,-4,3.14159
-40,-4,3.14159
-41,-4,3.14159
-41,-3,1.5708
-41,-2,1.5708
-41,-1,1.5708
-41,0,1.5708
-42,0,3.14159
-43,0,3.14159
-44,0,3.14159
-45,0,3.14159
-45,-1,-1.5708
-45,-2,-1.5708
-45,-3,-1.5708
-45,-4,-1.5708
-44,-4,0
-43,-4,0
-42,-4,0
-41,-4,0
-42,-4,3.14159
-43,-4,3.14159
-44,-4,3.14159
-45,-4,3.14159
-44,-4,0
-43,-4,0
-42,-4,0
-41,-4,0
-42,-4,3.14159
-43,-4,3.14159
-44,-4,3.14159
-45,-4,3.14159
-44,-4,0
-43,-4,0
-42,-4,0
-41,-4,0
-41,-5,-1.5708
-41,-6,-1.5708
-41,-7,-1.5708
-41,-8,-1.5708
-42,-8,3.14159
-43,-8,3.14159
-44,-8,3.14159
-45,-8,3.14159
-45,-7,1.5708
-45,-6,1.5708
-45,-5,1.5708
-45,-4,1.5708
-45,-5,-1.5708
-45,-6,-1.5708
-45,-7,-1.5708
-45,-8,-1.5708
-44,-8,0
-43,-8,0
-42,-8,0
-41,-8,0
-41,-7,1.5708
-41,-6,1.5708
-41,-5,1.5708
-41,-4,1.5708
-40,-4,0
-39,-4,0
-38,-4,0
-37,-4,0
-37,-3,1.5708
-37,-2,1.5708
-37,-1,1.5708
-37,0,1.5708
-36,0,0
-35,0,0
-34,0,0
-33,0,0
-34,0,3.14159
-35,0,3.14159
-36,0,3.14159
-37,0,3.14159
-37,-1,-1.5708
-37,-2,-1.5708
-37,-3,-1.5708
-37,-4,-1.5708
-38,-4,3.14159
-39,-4,3.14159
-40,-4,3.14159
-41,-4,3.14159
-41,-5,-1.5708
-41,-6,-1.5708
-41,-7,-1.5708
-41,-8,-1.5708
-40,-8,0
-39,-8,0
-38,-8,0
-37,-8,0
-37,-9,-1.5708
-37,-10,-1.5708
-37,-11,-1.5708
-37,-12,-1.5708
-38,-12,3.14159
-39,-12,3.14159
-40,-12,3.14159
-41,-12,3.14159
-41,-13,-1.5708
-41,-14,-1.5708
-41,-15,-1.5708
-41,-16,-1.5708
-40,-16,0
-39,-16,0
-38,-16,0
-37,-16,0
-37,-15,1.5708
-37,-14,1.5708
-37,-13,1.5708
-37,-12,1.5708
-37,-13,-1.5708
-37,-14,-1.5708
-37,-15,-1.5708
-37,-16,-1.5708
-36,-16,0
-35,-16,0
-34,-16,0
-33,-16,0
-33,-15,1.5708
-33,-14,1.5708
-33,-13,1.5708
-33,-12,1.5708
-33,-11,1.5708
-33,-10,1.5708
-33,-9,1.5708
-33,-8,1.5708
-33,-9,-1.5708
-33,-10,-1.5708
-33,-11,-1.5708
-33,-12,-1.5708
-34,-12,3.14159
-35,-12,3.14159
-36,-12,3.14159
-37,-12,3.14159
-38,-12,3.14159
-39,-12,3.14159
-40,-12,3.14159
-41,-12,3.14159
-41,-11,1.5708
-41,-10,1.5708
-41,-9,1.5708
-41,-8,1.5708
-42,-8,3.14159
-43,-8,3.14159
-44,-8,3.14159
-45,-8,3.14159
-44,-8,0
-43,-8,0
-42,-8,0
-41,-8,0
-41,-9,-1.5708
-41,-10,-1.5708
-41,-11,-1.5708
-41,-12,-1.5708
-42,-12,3.14159
-43,-12,3.14159
-44,-12,3.14159
-45,-12,3.14159
-45,-13,-1.5708
-45,-14,-1.5708
-45,-15,-1.5708
-45,-16,-1.5708
-45,-15,1.5708
-45,-14,1.5708
-45,-13,1.5708
-45,-12,1.5708
-45,-13,-1.5708
-45,-14,-1.5708
-45,-15,-1.5708
-45,-16,-1.5708
-45,-17,-1.5708
-45,-18,-1.5708
-45,-19,-1.5708
-45,-20,-1.5708
-45,-19,1.5708
-45,-18,1.5708
-45,-17,1.5708
-45,-16,1.5708
-45,-17,-1.5708
-45,-18,-1.5708
-45,-19,-1.5708
-45,-20,-1.5708
-44,-20,0
-43,-20,0
-42,-20,0
-41,-20,0
-40,-20,0
-39,-20,0
-38,-20,0
-37,-20,0
-37,-21,-1.5708
-37,-22,-1.5708
-37,-23,-1.5708
-37,-24,-1.5708
-36,-24,0
-35,-24,0
-34,-24,0
-33,-24,0
-33,-23,1.5708
-33,-22,1.5708
-33,-21,1.5708
-33,-20,1.5708
-32,-20,0
-31,-20,0
-30,-20,0
-29,-20,0
-29,-21,-1.5708
-29,-22,-1.5708
-29,-23,-1.5708
-29,-24,-1.5708
-30,-24,3.14159
-31,-24,3.14159
-32,-24,3.14159
-33,-24,3.14159
-33,-25,-1.5708
-33,-26,-1.5708
-33,-27,-1.5708
-33,-28,-1.5708
-33,-27,1.5708
-33,-26,1.5708
-33,-25,1.5708
-33,-24,1.5708
-34,-24,3.14159
-35,-24,3.14159
-36,-24,3.14159
-37,-24,3.14159
-37,-25,-1.5708
-37,-26,-1.5708
-37,-27,-1.5708
-37,-28,-1.5708
-38,-28,3.14159
-39,-28,3.14159
-40,-28,3.14159
-41,-28,3.14159
-41,-29,-1.5708
-41,-30,-1.5708
-41,-31,-1.5708
-41,-32,-1.5708
-40,-32,0
-39,-32,0
-38,-32,0
-37,-32,0
-38,-32,3.14159
-39,-32,3.14159
-40,-32,3.14159
-41,-32,3.14159
-41,-33,-1.5708
-41,-34,-1.5708
-41,-35,-1.5708
-41,-36,-1.5708
-40,-36,0
-39,-36,0
-38,-36,0
-37,-36,0
-37,-37,-1.5708
-37,-38,-1.5708
-37,-39,-1.5708
-37,-40,-1.5708
-36,-40,0
-35,-40,0
-34,-40,0
-33,-40,0
-33,-41,-1.5708
-33,-42,-1.5708
-33,-43,-1.5708
-33,-44,-1.5708
-33,-43,1.5708
-33,-42,1.5708
-33,-41,1.5708
-33,-40,1.5708
-32,-40,0
-31,-40,0
-30,-40,0
-29,-40,0
-30,-40,3.14159
-31,-40,3.14159
-32,-40,3.14159
-33,-40,3.14159
-33,-41,-1.5708
-33,-42,-1.5708
-33,-43,-1.5708
-33,-44,-1.5708
-33,-43,1.5708
-33,-42,1.5708
-33,-41,1.5708
-33,-40,1.5708
-32,-40,0
-31,-40,0
-30,-40,0
-29,-40,0
-30,-40,3.14159
-31,-40,3.14159
-32,-40,3.14159
-33,-40,3.14159
-33,-39,1.5708
-33,-38,1.5708
-33,-37,1.5708
-33,-36,1.5708
-33,-37,-1.5708
-33,-38,-1.5708
-33,-39,-1.5708
-33,-40,-1.5708
-33,-39,1.5708
-33,-38,1.5708
-33,-37,1.5708
-33,-36,1.5708
-32,-36,0
-31,-36,0
-30,-36,0
-29,-36,0
-29,-37,-1.5708
-29,-38,-1.5708
-29,-39,-1.5708
-29,-40,-1.5708
-29,-39,1.5708
-29,-38,1.5708
-29,-37,1.5708
-29,-36,1.5708
-29,-37,-1.5708
-29,-38,-1.5708
-29,-39,-1.5708
-29,-40,-1.5708
-30,-40,3.14159
-31,-40,3.14159
-32,-40,3.14159
-33,-40,3.14159
-33,-41,-1.5708
-33,-42,-1.5708
-33,-43,-1.5708
-33,-44,-1.5708
-34,-44,3.14159
-35,-44,3.14159
-36,-44,3.14159
-37,-44,3.14159
-37,-43,1.5708
-37,-42,1.5708
-37,-41,1.5708
-37,-40,1.5708
-38,-40,3.14159
-39,-40,3.14159
-40,-40,3.14159
-41,-40,3.14159
-41,-39,1.5708
-41,-38,1.5708
-41,-37,1.5708
-41,-36,1.5708
