EDGE2,0,1,1,0,1,0.532468011379242,0.006445999946445,0.002568999934283,,,
EDGE2,1,1,2,0,1,2.82805006443998,0.038090367308737,0.008918000179223,,,
EDGE2,2,1,3,0,1,2.95581787375958,0.057271678399147,0.007136999488768,,,
EDGE2,3,1,4,0,1,3.27911326793526,0.059827605730535,0.00397799975077,,,
EDGE2,4,1,5,0,1,3.72558105021733,0.00242455389784,0.00500000093144,,,
EDGE2,5,1,6,0,1,4.07600512346801,-0.02196953869748,6.28093530632874,,,
EDGE2,6,1,7,0,1,4.5001055676014,-0.041573783225184,6.28039330727205,,,
EDGE2,7,1,8,0,1,4.85441550235614,-0.009910811278471,0.001178001147663,,,
EDGE2,8,1,9,0,1,5.07143782563536,0.004310354697044,0.002225000396921,,,
EDGE2,9,1,10,0,1,5.24757804380253,-0.011631238736035,0.001461999224245,,,
EDGE2,10,1,11,0,1,5.41781179756376,-0.079129680737441,0.007622999908698,-5.41781179756376,0.079129680737441,-0.007622999908698
EDGE2,11,1,12,0,1,5.35311955270751,0.013644031369,0.001876000509821,,,
EDGE2,12,1,13,0,1,5.35643222651188,-0.004513147527339,6.28106630781786,,,
EDGE2,13,1,14,0,1,5.41557912420331,-0.025444498939552,6.28771030599717,-5.41557912420331,0.025444498939552,-6.28771030599717
EDGE2,14,1,15,0,1,5.40668993418931,0.009382304712095,6.28358030654592,,,
EDGE2,15,1,16,0,1,5.41505626351218,-0.006272236992328,6.28261130603226,,,
EDGE2,16,1,17,0,1,5.45276975142464,0.049050403645618,-0.003239998488512,-5.45276975142464,-0.049050403645618,0.003239998488512
EDGE2,17,1,18,0,1,5.3428458040385,0.053289791410026,0.003870002442481,,,
EDGE2,18,1,19,0,1,5.27099392466544,0.074512915989112,-0.002231003248755,-5.27099392466544,-0.074512915989112,0.002231003248755
EDGE2,19,1,20,0,1,4.86269647188336,0.044084846492682,0.0063760007659,,,
EDGE2,20,1,21,0,1,4.31206078036474,0.067475213494282,0.014663000910145,,,
EDGE2,21,1,22,0,1,3.62581603304711,0.077822661959983,0.013825002646849,,,
EDGE2,22,1,23,0,1,2.91889804501137,0.054917211565554,6.27673930483709,,,
EDGE2,23,1,24,0,1,2.35232645277021,-0.137937799912513,6.22066830583947,-2.35232645277021,0.137937799912513,-6.22066830583947
EDGE2,24,1,25,0,1,2.01088346481016,-0.208481990471584,6.16439751655607,,,
EDGE2,25,1,26,0,1,1.83927430261314,-0.364836447507019,6.09380902577625,,,
EDGE2,26,1,27,0,1,1.71729672911847,-0.437981144241635,6.04299912491693,,,
EDGE2,27,1,28,0,1,1.67979603092431,-0.429781227682708,6.01812769995903,,,
EDGE2,28,1,29,0,1,1.80719567614091,-0.520924273919112,5.99696612292961,,,
EDGE2,29,1,30,0,1,1.98382146218872,-0.535644310014493,6.03123826183312,-1.98382146218872,0.535644310014493,-6.03123826183312
EDGE2,30,1,31,0,1,2.30399062035854,-0.301363305817125,6.13745440939293,,,
EDGE2,31,1,32,0,1,2.76074878826316,-0.247006759122465,6.19462131938185,,,
EDGE2,32,1,33,0,1,3.28482431778374,-0.04871566785277,6.27582716196153,,,
EDGE2,33,1,34,0,1,3.70544604337601,0.025098292427084,0.004498075681909,,,
EDGE2,34,1,35,0,1,3.93749957216025,-0.034532536316116,6.27585624720614,,,
EDGE2,35,1,36,0,1,4.13138398456514,0.026288884471692,6.27893962173411,,,
EDGE2,36,1,37,0,1,4.18281482612372,0.065875172969834,-0.000492168069422,,,
EDGE2,37,1,38,0,1,4.13229853286428,0.016185047051545,0.003724979204711,,,
EDGE2,38,1,39,0,1,4.01802700599141,0.01379747281653,6.27557109856238,,,
EDGE2,39,1,40,0,1,3.88427109057583,-0.046473632024248,6.27826327871866,-3.88427109057583,0.046473632024248,-6.27826327871866
EDGE2,40,1,41,0,1,3.83009942532051,0.001167735577477,6.2757923519815,,,
EDGE2,41,1,42,0,1,3.55644651099065,0.028629253230856,6.27979826030974,,,
EDGE2,42,1,43,0,1,3.49516366835114,0.033834127877891,6.28329362228988,,,
EDGE2,43,1,44,0,1,3.34952348434827,-0.018703137676932,6.26686214886661,,,
EDGE2,44,1,45,0,1,3.31218441382469,-0.019662443459308,6.25819749019756,-3.31218441382469,0.019662443459308,-6.25819749019756
EDGE2,45,1,46,0,1,3.56516240202028,-0.010607177910776,6.27036308794626,,,
EDGE2,46,1,47,0,1,3.70155608984541,-0.005090866938067,6.28123654366698,,,
EDGE2,47,1,48,0,1,3.74331382616325,0.064471798214351,6.27922619586083,,,
EDGE2,48,1,49,0,1,3.76662827167444,0.010121512012977,6.27306150554337,,,
EDGE2,49,1,50,0,1,3.87912223994131,0.050182609956162,6.2762339120706,,,
EDGE2,50,1,51,0,1,4.0584133263836,-0.001173691555318,6.273993717693,,,
EDGE2,51,1,52,0,1,4.13392269586185,0.014775190266965,0.001453952825485,,,
EDGE2,52,1,53,0,1,4.26668789451811,0.064933110320747,0.009396622139516,,,
EDGE2,53,1,54,0,1,4.30049126152213,0.067904749825042,0.007989956766459,,,
EDGE2,54,1,55,0,1,4.33739017538162,0.035843890349819,0.002796094627367,,,
EDGE2,55,1,56,0,1,4.27714726435402,0.051575823122145,-0.000172685358211,,,
EDGE2,56,1,57,0,1,4.16467133515871,0.023451013389968,6.27852320181459,,,
EDGE2,57,1,58,0,1,4.02551416754212,-0.001119090337193,6.27469515150314,,,
EDGE2,58,1,59,0,1,3.99784191815251,-0.023061719630855,6.26860226406062,,,
EDGE2,59,1,60,0,1,3.82908208438812,0.006315288265521,6.26935648502679,,,
EDGE2,60,1,61,0,1,3.72078397357681,0.047648499942699,6.27707118821986,-3.72078397357681,-0.047648499942699,-6.27707118821986
EDGE2,61,1,62,0,1,3.7222704266616,-0.029274853985877,6.26533340927249,,,
EDGE2,62,1,63,0,1,3.64221916650484,-0.083658606681729,6.23245737957316,,,
EDGE2,63,1,64,0,1,3.58755725787252,-0.148125573357296,6.23227919554052,,,
EDGE2,64,1,65,0,1,3.5613445127728,-0.090925504994298,6.26730239612241,,,
EDGE2,65,1,66,0,1,3.51086210299295,0.002842619196097,0.007272807510668,,,
EDGE2,66,1,67,0,1,3.2946530905531,0.029549728152526,0.020783965842497,,,
EDGE2,67,1,68,0,1,3.17217058551886,0.012660554117891,0.022266002559747,,,
EDGE2,68,1,69,0,1,3.01905636250149,0.036407914078316,0.025723043585041,,,
EDGE2,69,1,70,0,1,2.91783487020033,0.112246342700052,0.062460962402098,,,
EDGE2,70,1,71,0,1,2.82561670144931,0.237621538844772,0.107190215642285,,,
EDGE2,71,1,72,0,1,2.76923639949114,0.183345000585606,0.044309687284403,,,
EDGE2,72,1,73,0,1,2.68898803283542,-0.110043879293533,6.21821950750044,,,
EDGE2,73,1,74,0,1,2.63569282647619,-0.152608446765844,6.20300554130576,,,
EDGE2,74,1,75,0,1,2.48011740364608,-0.133348334098864,6.22703194309651,,,
EDGE2,75,1,76,0,1,2.43096872621747,-0.018315324680083,6.27196731344709,,,
EDGE2,76,1,77,0,1,2.43343947592998,-0.015503989610872,6.26321829996796,,,
EDGE2,77,1,78,0,1,2.63974388665789,-0.067707065932135,6.25542343012989,,,
EDGE2,78,1,79,0,1,2.81067858128349,-0.034445232015818,6.26250255605452,,,
EDGE2,79,1,80,0,1,2.87160839599916,-0.017940825402624,6.27629018741214,,,
EDGE2,80,1,81,0,1,2.81249700885622,0.041767982773829,0.012209946362282,,,
EDGE2,81,1,82,0,1,2.58843213409492,0.074635933615932,0.019264181073587,,,
EDGE2,82,1,83,0,1,2.21680168447913,0.085949682997286,0.045188815550935,,,
EDGE2,83,1,84,0,1,2.03387069161276,0.23168309993036,0.112861088392778,,,
EDGE2,84,1,85,0,1,1.86148300266695,0.330347154264866,0.151637005184906,,,
EDGE2,85,1,86,0,1,1.84246227136885,0.308839168899601,0.170741956191891,,,
EDGE2,86,1,87,0,1,1.9714528689576,0.462352481156282,0.223177834170516,,,
EDGE2,87,1,88,0,1,2.2222053132091,0.513226267713162,0.243768151330935,,,
EDGE2,88,1,89,0,1,2.61255281803455,0.543419122181083,0.236782148259444,,,
EDGE2,89,1,90,0,1,3.07233293783437,0.463035725235807,0.16863864389297,,,
EDGE2,90,1,91,0,1,3.58831752907499,0.30772217487679,0.091254328938716,-3.58831752907499,-0.30772217487679,-0.091254328938716
EDGE2,91,1,92,0,1,3.93840892990338,0.218455523063047,0.064472752347284,,,
EDGE2,92,1,93,0,1,4.25713207493275,0.003713596958553,0.001489100726265,,,
EDGE2,93,1,94,0,1,4.59418615696204,-0.023444598075864,6.28034439663829,,,
EDGE2,94,1,95,0,1,4.55311573906675,-0.035366390314019,6.28239618822317,,,
EDGE2,95,1,96,0,1,4.5949006150828,0.006327431355553,0.002008851324698,,,
EDGE2,96,1,97,0,1,4.57839308621697,0.039672028504535,0.007823052164083,,,
EDGE2,97,1,98,0,1,4.53358152820075,0.018696239520741,0.007531102224686,,,
EDGE2,98,1,99,0,1,4.37819209579349,0.035094701316884,0.011477997540937,,,
EDGE2,99,1,100,0,1,4.00841261012926,0.057550054760222,0.011467886523394,,,
EDGE2,100,1,101,0,1,3.50488471796733,0.055376808550212,0.020783977305167,,,
EDGE2,101,1,102,0,1,2.8773188824586,0.028951114277325,0.009310316253824,,,
EDGE2,102,1,103,0,1,2.4923286199522,0.015945629218398,0.011337816737797,,,
EDGE2,103,1,104,0,1,2.32130340289699,0.180740342262982,0.067289950193203,-2.32130340289699,-0.180740342262982,-0.067289950193203
EDGE2,104,1,105,0,1,2.10503473420407,0.321663799376344,0.164204048237465,,,
EDGE2,105,1,106,0,1,1.99091726088104,0.464558455085827,0.228846992679252,,,
EDGE2,106,1,107,0,1,1.90141761329702,0.54561593335877,0.275210979980656,,,
EDGE2,107,1,108,0,1,1.82365697569777,0.567669887508496,0.292447006125248,,,
EDGE2,108,1,109,0,1,1.76587204535117,0.584896733727144,0.283873002323152,,,
EDGE2,109,1,110,0,1,1.81726040394296,0.531561114102923,0.239183974277094,,,
EDGE2,110,1,111,0,1,2.01037891453752,0.294635979715982,0.13607199368621,,,
EDGE2,111,1,112,0,1,2.32432561786657,0.187507562365349,0.081656996079836,,,
EDGE2,112,1,113,0,1,2.85891006042228,0.234739050273115,0.067439034740726,,,
EDGE2,113,1,114,0,1,3.27092748102998,0.067902065362736,0.011033012172987,,,
EDGE2,114,1,115,0,1,3.7157318268764,-0.081128219679167,6.24068226157151,,,
EDGE2,115,1,116,0,1,4.14460936714649,-0.133812325532366,6.22855531405433,,,
EDGE2,116,1,117,0,1,4.36975163897974,-0.144298901332613,6.24027036678296,,,
EDGE2,117,1,118,0,1,4.44513244435172,-0.025867294075179,6.27480233716871,,,
EDGE2,118,1,119,0,1,4.49302576872206,0.003665730078657,6.28010332126709,,,
EDGE2,119,1,120,0,1,4.5766451619883,0.030084889685052,0.002725885921421,,,
EDGE2,120,1,121,0,1,4.49023118357102,0.000442040516438,0.001111110527788,,,
EDGE2,121,1,122,0,1,4.45455695258472,-0.009992744521005,6.27509222583052,,,
EDGE2,122,1,123,0,1,4.38595364907763,0.000184149282953,6.28086735141082,,,
EDGE2,123,1,124,0,1,4.36097295033061,-0.00121989009286,6.28166034283368,,,
EDGE2,124,1,125,0,1,4.45289205262828,-0.010276588714012,6.27950825408344,,,
EDGE2,125,1,126,0,1,4.52130581566302,-0.023868650636634,6.27819335059776,,,
EDGE2,126,1,127,0,1,4.6480597107629,0.007186051486163,0.009591992513892,,,
EDGE2,127,1,128,0,1,4.73259993244273,0.088505112424523,0.02570994774555,,,
EDGE2,128,1,129,0,1,4.92238932236646,0.030285805241496,0.008819054242567,,,
EDGE2,129,1,130,0,1,4.89687967910158,0.018318660664496,0.004714923983288,,,
EDGE2,130,1,131,0,1,4.85727085112945,0.044050420640114,0.003413029832346,,,
EDGE2,131,1,132,0,1,4.87599003708051,0.024224565030343,-0.000110937741397,,,
EDGE2,132,1,133,0,1,4.87370542348732,0.023815048775598,6.28315629562905,,,
EDGE2,133,1,134,0,1,4.85574723863664,0.015562780617719,-0.000401096815903,,,
EDGE2,134,1,135,0,1,4.83689684056497,0.045871536260004,0.000699089009486,,,
EDGE2,135,1,136,0,1,4.84863144268462,-0.006943245691028,6.27489425832216,,,
EDGE2,136,1,137,0,1,4.89228250577081,0.025565052998348,6.27709633861695,-4.89228250577081,-0.025565052998348,-6.27709633861695
EDGE2,137,1,138,0,1,4.95447419676344,-0.021909614460024,6.27885224680253,,,
EDGE2,138,1,139,0,1,4.87606614041284,-0.01734136068624,0.004126017429221,,,
EDGE2,139,1,140,0,1,4.88621823901869,0.00461040000466,6.28244938495132,,,
EDGE2,140,1,141,0,1,4.95383745658828,0.001289835453056,0.002820892062934,,,
EDGE2,141,1,142,0,1,4.95094356227243,0.051443504207535,0.014072113846129,,,
EDGE2,142,1,143,0,1,5.00989237059111,0.032928653019573,0.008397982676068,,,
EDGE2,143,1,144,0,1,5.00181736103276,0.015899674875177,0.001507924272048,,,
EDGE2,144,1,145,0,1,4.98088912522771,0.034997190627886,0.007729008566635,,,
EDGE2,145,1,146,0,1,4.92918054076988,0.023011849294667,0.009447975451231,,,
EDGE2,146,1,147,0,1,4.84472385988652,0.046274940465177,0.009020045453481,,,
EDGE2,147,1,148,0,1,4.76380286225898,0.03697556030887,6.28158329766515,,,
EDGE2,148,1,149,0,1,4.61579112335223,0.037726579584918,0.007981969555998,,,
EDGE2,149,1,150,0,1,4.50130072427777,0.047446637815275,0.009226013037415,,,
EDGE2,150,1,151,0,1,4.12059847859919,0.105666758789016,-0.000294927363933,-4.12059847859919,-0.105666758789016,0.000294927363933
EDGE2,151,1,152,0,1,3.81383958921534,0.000117306130866,6.26981424322397,,,
EDGE2,152,1,153,0,1,3.61741766687962,-0.031900509875934,6.27184738341307,,,
EDGE2,153,1,154,0,1,3.44630194197165,0.003671806892706,6.27781225515273,,,
EDGE2,154,1,155,0,1,3.21951950145757,0.025536716247746,6.27744133055071,-3.21951950145757,-0.025536716247746,-6.27744133055071
EDGE2,155,1,156,0,1,2.78756685700758,-0.048929471910062,6.26341831198472,,,
EDGE2,156,1,157,0,1,2.46653519487353,-0.11032919206003,6.24319424044277,,,
EDGE2,157,1,158,0,1,2.10762991874555,-0.160828023479193,6.21567438798802,,,
EDGE2,158,1,159,0,1,1.78913871158781,-0.200412927321187,6.18222928167828,,,
EDGE2,159,1,160,0,1,1.68790538349103,-0.283275951548158,6.14774930596534,,,
EDGE2,160,1,161,0,1,1.59804442731638,-0.344985582955578,6.10865829830585,,,
EDGE2,161,1,162,0,1,1.66960937923372,-0.405168998741166,6.07672730815624,,,
EDGE2,162,1,163,0,1,1.97607722819718,-0.458937881409659,6.05781528479421,,,
EDGE2,163,1,164,0,1,2.30682004485593,-0.436951673179072,6.06923032887717,,,
EDGE2,164,1,165,0,1,2.74507001545667,-0.469092627542027,6.08882030530705,,,
EDGE2,165,1,166,0,1,3.17068255024986,-0.291476566156083,6.1861563030314,,,
EDGE2,166,1,167,0,1,3.63668427675113,-0.126885902971378,6.27059120168874,-3.63668427675113,0.126885902971378,-6.27059120168874
EDGE2,167,1,168,0,1,3.92496979424033,0.044810107248794,0.012450106364786,,,
EDGE2,168,1,169,0,1,4.0549115091883,0.018747559289631,0.003916000794285,,,
EDGE2,169,1,170,0,1,4.11226571246187,0.008049386841218,0.001521999852286,,,
EDGE2,170,1,171,0,1,4.10012411758773,-0.005472395166292,0.009135000105159,,,
EDGE2,171,1,172,0,1,4.03073460274111,0.005751516807036,0.009440996937126,,,
EDGE2,172,1,173,0,1,3.90021232242456,0.014067713095269,0.001663003920503,,,
EDGE2,173,1,174,0,1,3.53392696374744,-0.001111267198601,0.001988996913092,,,
EDGE2,174,1,175,0,1,3.06164973782686,0.020330584008868,0.014581002336866,,,
EDGE2,175,1,176,0,1,2.51908472473362,0.021876674676215,0.000505000007559,,,
EDGE2,176,1,177,0,1,2.22782332054216,-0.097045559524807,6.22240325177998,,,
EDGE2,177,1,178,0,1,2.0655072266123,-0.243421840808811,6.15334215389432,,,
EDGE2,178,1,179,0,1,1.96589322044677,-0.383089463805211,6.09231255384071,,,
EDGE2,179,1,180,0,1,1.84035108855664,-0.394195259298725,6.06269827806201,,,
EDGE2,180,1,181,0,1,1.92554006552333,-0.445779574848269,6.0353683393704,,,
EDGE2,181,1,182,0,1,2.0078547368907,-0.475432766582846,6.02809846109595,,,
EDGE2,182,1,183,0,1,2.30419082268583,-0.462795770853708,6.03973317568325,,,
EDGE2,183,1,184,0,1,2.67485102446687,-0.371649762692849,6.12745846558168,,,
EDGE2,184,1,185,0,1,3.02752937204661,-0.325200137601104,6.17798394604342,-3.02752937204661,0.325200137601104,-6.17798394604342
EDGE2,185,1,186,0,1,3.50336567008264,-0.145946246101109,6.2289235494783,,,
EDGE2,186,1,187,0,1,3.89242293634135,-0.019738732748446,6.27263712019397,,,
EDGE2,187,1,188,0,1,4.04753321986491,0.051453087467847,0.013120246311405,,,
EDGE2,188,1,189,0,1,4.04716782991641,0.071673755472366,0.016820026133816,,,
EDGE2,189,1,190,0,1,4.09578540883046,0.097121539331558,0.01044900545025,,,
EDGE2,190,1,191,0,1,4.11762531654886,0.071474344721262,0.001662806031527,,,
EDGE2,191,1,192,0,1,4.11682131397299,0.059165846417509,6.2760894187419,,,
EDGE2,192,1,193,0,1,4.0465907658938,0.041736901436261,6.27522124721281,,,
EDGE2,193,1,194,0,1,3.95135738611779,0.035599951452705,6.28118346999111,,,
EDGE2,194,1,195,0,1,3.91118840564553,0.011482433464769,6.27643718150013,,,
EDGE2,195,1,196,0,1,3.83355960220919,0.037635740893828,0.001576974686007,,,
EDGE2,196,1,197,0,1,3.74877432544581,0.063496786711264,-1.20E-05,,,
EDGE2,197,1,198,0,1,3.66290426403412,0.036191851214321,6.2833351054082,,,
EDGE2,198,1,199,0,1,3.68478777171603,0.026654537417576,0.006431982644066,,,
EDGE2,199,1,200,0,1,3.4949414910907,0.042742464538312,-0.000907971024278,,,
EDGE2,200,1,201,0,1,3.41731029142359,0.0006493568285,6.27585243240125,,,
EDGE2,201,1,202,0,1,3.26310805850407,0.052505147837488,0.004476143481949,,,
EDGE2,202,1,203,0,1,3.18749140423789,0.030993631795392,6.28415622176985,,,
EDGE2,203,1,204,0,1,3.10987765730329,-0.040660427353638,6.26866029576268,,,
EDGE2,204,1,205,0,1,3.20569293704164,-0.061260115302522,6.25361608655416,,,
EDGE2,205,1,206,0,1,3.50385161960369,-0.12526796761033,6.25907964253719,-3.50385161960369,0.12526796761033,-6.25907964253719
EDGE2,206,1,207,0,1,3.74431396354065,-0.083698573840233,6.25864018500444,,,
EDGE2,207,1,208,0,1,4.094529320589,-0.033662702016064,6.27078604169302,,,
EDGE2,208,1,209,0,1,4.53361286264032,0.013967248831998,0.005881243933006,,,
EDGE2,209,1,210,0,1,4.79790683992047,0.124835985752486,0.018433204067711,-4.79790683992047,-0.124835985752486,-0.018433204067711
EDGE2,210,1,211,0,1,4.93809223491991,0.101999725922875,0.019977971457813,,,
EDGE2,211,1,212,0,1,5.04155197323875,0.028183710321637,0.006834578095558,,,
EDGE2,212,1,213,0,1,5.0183787444086,0.011157226977834,0.003485130171406,,,
EDGE2,213,1,214,0,1,4.98875139704456,0.030494689155281,0.008713173237168,,,
EDGE2,214,1,215,0,1,4.9046962310065,0.050261720637016,0.010845114661038,,,
EDGE2,215,1,216,0,1,4.83184421899461,0.04316564776885,0.000473905892207,,,
EDGE2,216,1,217,0,1,4.74003791508879,0.021547962854508,6.280127415075,,,
EDGE2,217,1,218,0,1,4.64192765556424,-0.007561010271834,6.26414703691273,,,
EDGE2,218,1,219,0,1,4.63760831107985,-0.062515335153601,6.25803841835117,,,
EDGE2,219,1,220,0,1,4.59203425593267,-0.070358977513718,6.24320621176042,-4.59203425593267,0.070358977513718,-6.24320621176042
EDGE2,220,1,221,0,1,4.65801512401413,-0.136223443478533,6.23258328301014,,,
EDGE2,221,1,222,0,1,4.70121932782907,-0.180762309051213,6.24241151231175,,,
EDGE2,222,1,223,0,1,4.72445330993293,-0.019709722542975,0.00669806164459,,,
EDGE2,223,1,224,0,1,4.8284967505902,0.083700096189981,0.029802715051215,,,
EDGE2,224,1,225,0,1,4.68679350487214,0.099161232238222,0.031618997138985,,,
EDGE2,225,1,226,0,1,4.52788822640822,0.05686514576855,0.011640005323909,,,
EDGE2,226,1,227,0,1,4.1864871847314,0.020474812875014,0.003910138885844,,,
EDGE2,227,1,228,0,1,4.05727985847596,0.01713292038419,6.27866815302718,,,
EDGE2,228,1,229,0,1,4.00361932642242,-0.016909970118386,6.28079355992676,,,
EDGE2,229,1,230,0,1,3.94884640320456,0.070234940885579,0.019901827729369,,,
EDGE2,230,1,231,0,1,3.86461468959045,0.041337481948707,0.017367914439046,,,
EDGE2,231,1,232,0,1,3.74533042113767,0.049981425396832,0.005545220337031,,,
EDGE2,232,1,233,0,1,3.31574680618415,-0.030189081015027,6.27654210921583,-3.31574680618415,0.030189081015027,-6.27654210921583
EDGE2,233,1,234,0,1,2.73341343416006,-0.012360525038114,0.004499046446153,,,
EDGE2,234,1,235,0,1,2.36711948507199,-0.053861049994604,6.27259514862488,,,
EDGE2,235,1,236,0,1,2.10483470441054,-0.074860859725154,6.2568786139987,,,
EDGE2,236,1,237,0,1,1.64015255007901,-0.062994426026043,6.26400317917809,,,
EDGE2,237,1,238,0,1,1.5431949312839,-0.084328581199761,6.25584339078071,,,
EDGE2,238,1,239,0,1,1.53423745068564,-0.152876778730661,6.24081723805962,-1.53423745068564,0.152876778730661,-6.24081723805962
EDGE2,239,1,240,0,1,1.58870987006683,-0.157548156107575,6.20436610159879,,,
EDGE2,240,1,241,0,1,1.81106871454819,-0.212741714610795,6.16807261031895,,,
EDGE2,241,1,242,0,1,2.05676389993325,-0.299770558929092,6.1269442882399,,,
EDGE2,242,1,243,0,1,2.3150395306621,-0.383275193701545,6.10346521805833,,,
EDGE2,243,1,244,0,1,2.59401083100764,-0.397196784147459,6.09232736057389,,,
EDGE2,244,1,245,0,1,2.8615868716775,-0.384791526576285,6.10327336300928,,,
EDGE2,245,1,246,0,1,3.09712933018631,-0.450348179038874,6.08907223301704,,,
EDGE2,246,1,247,0,1,3.28101034764408,-0.519074242469467,6.08838437962008,,,
EDGE2,247,1,248,0,1,3.50789976073886,-0.415973377654561,6.14032711674118,,,
EDGE2,248,1,249,0,1,3.7590231415571,-0.265372405035426,6.1814204443566,,,
EDGE2,249,1,250,0,1,3.92263176634684,-0.243413327294812,6.19742416568992,,,
EDGE2,250,1,251,0,1,4.11788860164062,-0.15932399314344,6.24323931614642,,,
EDGE2,251,1,252,0,1,4.22270508570303,-0.041639845027779,6.27194045556016,,,
EDGE2,252,1,253,0,1,4.26391253546729,0.022040597608585,0.023820945724945,,,
EDGE2,253,1,254,0,1,4.24349140009543,0.076155456297377,0.033625925489946,,,
EDGE2,254,1,255,0,1,3.82475240440967,0.049240688848263,0.01854903963679,,,
EDGE2,255,1,256,0,1,3.39011662065753,-0.012448284581391,6.27759647021869,,,
EDGE2,256,1,257,0,1,2.98127013323067,-0.065569974356047,6.25447509568432,,,
EDGE2,257,1,258,0,1,2.74334077761107,-0.158176635705947,6.19981946944506,,,
EDGE2,258,1,259,0,1,2.49801344759923,-0.351917619789797,6.10701008692743,,,
EDGE2,259,1,260,0,1,2.36453149378598,-0.501440665154979,6.03631535252138,,,
EDGE2,260,1,261,0,1,2.23242456767104,-0.53407708930367,6.02032628275939,,,
EDGE2,261,1,262,0,1,2.31537889213847,-0.528319426241419,6.03051339447993,,,
EDGE2,262,1,263,0,1,2.59804658042297,-0.399115968709713,6.10540129483263,,,
EDGE2,263,1,264,0,1,2.91713688039727,-0.217240825971098,6.18966235711661,,,
EDGE2,264,1,265,0,1,3.27237833085356,-0.132741930823196,6.22624228892061,,,
EDGE2,265,1,266,0,1,3.61915844289498,-0.015468821774059,6.27510535241246,,,
EDGE2,266,1,267,0,1,3.94260102258695,0.021356552563058,6.27859629543581,,,
EDGE2,267,1,268,0,1,4.25189371124937,0.009929786429931,6.27473928633398,,,
EDGE2,268,1,269,0,1,4.52317106058293,-0.017678090583038,6.2706133219978,,,
EDGE2,269,1,270,0,1,4.72133958972396,0.03858389694461,0.003094986430136,,,
EDGE2,270,1,271,0,1,4.75103794520106,0.030609856243378,0.004003958153099,,,
EDGE2,271,1,272,0,1,4.74778101828313,0.017077435969176,6.28160729623988,,,
EDGE2,272,1,273,0,1,4.69020618140034,0.005307036684362,6.28216529237148,,,
EDGE2,273,1,274,0,1,4.71397657793832,0.008693469020349,0.001612021937295,,,
EDGE2,274,1,275,0,1,4.64712382124396,0.018699769084927,6.2818613161992,,,
EDGE2,275,1,276,0,1,4.6638588755844,-0.010395985788269,6.27149034376573,,,
EDGE2,276,1,277,0,1,4.73667459511053,-0.002135887022367,6.27958224662337,,,
EDGE2,126,1,277,0,2,-0.944831452280653,-0.266022947972175,6.28039651589461,-6.3434042899196,1.51899134073287,5.92135398367498
EDGE2,277,1,278,0,1,4.83792519283789,0.028053508409689,0.013208094879226,,,
EDGE2,127,1,278,0,2,-0.737074084378847,-0.252351930479932,0.000827311080361,8.17300122687377,-3.16725531993278,0.461506136279267
EDGE2,278,1,279,0,1,5.01334312025927,0.09083417641485,0.026234944739409,,,
EDGE2,128,1,279,0,2,-0.481851595507948,-0.214043606345228,0.00135230807422,2.19390317282105,-7.49152039045728,-0.102319185991044
EDGE2,279,1,280,0,1,5.12519038267319,0.073324747876834,0.012954067769609,,,
EDGE2,129,1,280,0,2,-0.28057149554769,-0.181872142508439,0.005487321601262,-6.71858449039297,-9.71010117292776,-0.765865767740341
EDGE2,280,1,281,0,1,5.29295216132379,0.021703448640475,0.001397899954829,,,
EDGE2,130,1,281,0,2,0.094726899632306,-0.169851493151043,0.004170297572804,5.83665644292989,4.44155054107959,-0.311875611139403
EDGE2,281,1,282,0,1,5.38388978379742,0.074422096406568,6.28794938896253,-5.38388978379742,-0.074422096406568,-6.28794938896253
EDGE2,131,1,282,0,2,0.560816554310094,-0.158589914081944,0.001521349523398,0.523475720746046,-5.21667279882334,0.259727532180552
EDGE2,282,1,283,0,1,5.32590251573067,0.010689414632774,6.2819072158086,,,
EDGE2,283,1,284,0,1,5.32219237099273,0.000863336994561,-0.000975911607975,,,
EDGE2,284,1,285,0,1,5.44246940570118,0.034815369894071,0.000822947227526,,,
EDGE2,285,1,286,0,1,5.33057785570773,-0.00631592072268,6.26894734982333,,,
EDGE2,286,1,287,0,1,5.36796584376844,-0.064225651176068,6.26726223294977,,,
EDGE2,287,1,288,0,1,5.39641202527414,-0.021020474345127,6.27190232557707,,,
EDGE2,288,1,289,0,1,5.46646182547483,-0.007492540108169,0.002208984058124,,,
EDGE2,139,1,289,0,2,-0.706531228451339,-0.493276596716839,6.26746958928733,-7.04395769340338,-1.31392891773131,6.77015823663471
EDGE2,289,1,290,0,1,5.54251185357569,0.041049131256207,0.013231083916865,,,
EDGE2,140,1,290,0,2,-0.049211173396529,-0.524188503908363,0.000251288252875,3.05748304539877,3.5400693029399,-0.980508264544059
EDGE2,290,1,291,0,1,5.6779281983188,0.068549340391078,0.013894968307004,,,
EDGE2,141,1,291,0,2,0.673114294524204,-0.458079952298533,0.011325364496946,6.80660094745102,-0.079990974589945,-0.873728154853753
EDGE2,291,1,292,0,1,5.75491820005123,0.05843579354241,0.009341045442668,,,
EDGE2,292,1,293,0,1,5.8261055748783,0.076730336479537,0.013769936356985,,,
EDGE2,293,1,294,0,1,5.78891697868904,0.055494580455596,0.006784009189248,,,
EDGE2,294,1,295,0,1,5.71952712726718,0.038024115301037,0.006082966894025,,,
EDGE2,295,1,296,0,1,5.65678573792018,0.034716275516738,0.007910084944891,,,
EDGE2,147,1,296,0,2,-0.307759795121555,-0.246000667404019,0.002038357059172,5.33398873954743,-6.48580772485493,-0.668110142175747
EDGE2,296,1,297,0,1,5.45344093870391,0.038011876717567,0.006787970711131,,,
EDGE2,148,1,297,0,2,0.381897723335449,-0.213598147701134,0.008428337284738,-6.81155978531663,-1.81723672376132,0.330028640320125
EDGE2,297,1,298,0,1,5.1179067152925,0.042890762886392,0.008795929265124,,,
EDGE2,149,1,298,0,2,0.882210345629293,-0.171380320250933,0.009242296993864,2.41322412589808,-4.68595696244499,0.711115448774365
EDGE2,298,1,299,0,1,4.82454198649486,0.038850251048037,0.009880017472673,,,
EDGE2,299,1,300,0,1,4.29806019234506,0.000747934411398,6.27510737773605,,,
EDGE2,300,1,301,0,1,3.6299552018561,-0.17031426353113,6.24945532084556,,,
EDGE2,301,1,302,0,1,3.66510175535793,-0.278455185390621,6.24873520805542,,,
EDGE2,302,1,303,0,1,3.6795096844651,-0.145883230236061,6.24671041220651,,,
EDGE2,303,1,304,0,1,3.25375121424517,-0.028752831022141,6.26781927534889,,,
EDGE2,304,1,305,0,1,2.67513259374041,0.033606278263013,0.022106935832301,,,
EDGE2,305,1,306,0,1,2.04434534634486,0.040451206002862,0.019079015444965,,,
EDGE2,306,1,307,0,1,1.45311534590864,0.04750403718621,0.014875009055905,,,
EDGE2,307,1,308,0,1,1.10647116194307,-0.004420520990388,0.011267967195993,,,
EDGE2,159,1,308,0,2,-0.181645174401183,-0.60841382706505,0.213472237619135,0.39611053395303,8.69018052419754,0.215186069064119
EDGE2,308,1,309,0,1,0.979157931664772,-0.001558313645953,0.011270004202622,,,
EDGE2,160,1,309,0,2,-0.870361499672711,-0.237921724796905,0.360178243036006,-5.45662728927706,-7.26398247513128,-0.371806662992556
EDGE2,159,1,309,0,2,0.78327164730122,-0.390606106725358,0.223742241821758,5.79992198364798,-7.31130033925916,0.786496533772276
EDGE2,309,1,310,0,1,0.996591404697132,0.004386344501389,0.012292098745488,,,
EDGE2,160,1,310,0,2,0.047853960800083,0.123256811219733,0.371470341781495,3.70096725237947,-5.13333958662505,0.417260081129849
EDGE2,310,1,311,0,1,1.1721286731269,0.031295774970621,0.014792966289687,,,
EDGE2,311,1,312,0,1,1.61625332253498,0.024261735630679,0.016380976871978,,,
EDGE2,312,1,313,0,1,2.18237283844849,0.005196791263293,6.27993037270325,,,
EDGE2,313,1,314,0,1,2.69241261707766,-0.019780601688088,6.2811292575313,,,
EDGE2,314,1,315,0,1,3.20123785240055,0.027704279873556,0.009653017374645,,,
EDGE2,315,1,316,0,1,3.6288821636385,0.040363364704566,0.01003296409451,,,
EDGE2,316,1,317,0,1,4.16443992021732,0.021067119790151,0.006398988590193,,,
EDGE2,317,1,318,0,1,4.45522217533687,0.04990352802515,0.00404901656522,,,
EDGE2,318,1,319,0,1,4.73240023221478,-0.000769204456825,6.27802528527921,,,
EDGE2,319,1,320,0,1,4.97579954778118,-0.034117121307484,6.27743138563281,,,
EDGE2,320,1,321,0,1,5.17479151711343,0.059669656792625,0.007522947854164,-5.17479151711343,-0.059669656792625,-0.007522947854164
EDGE2,321,1,322,0,1,5.25952557679514,0.001788537232576,0.003079962196142,,,
EDGE2,322,1,323,0,1,5.31911878974344,-0.013069609103449,6.28353335088283,,,
EDGE2,323,1,324,0,1,5.30785569763658,0.002579538855192,0.001753045007606,,,
EDGE2,324,1,325,0,1,5.28122646603479,0.014672157211388,6.28089224495052,,,
EDGE2,325,1,326,0,1,5.37919384631305,0.039910604106598,-0.003968005643018,-5.37919384631305,-0.039910604106598,0.003968005643018
EDGE2,326,1,327,0,1,5.45921526207621,0.015322544580878,0.005544973813662,,,
EDGE2,327,1,328,0,1,5.35780107851169,0.02868475138437,0.001882002421509,,,
EDGE2,328,1,329,0,1,5.37285783487631,0.040124019010771,0.007767035084539,,,
EDGE2,329,1,330,0,1,5.38671405251255,0.054655131624495,0.014092041322775,,,
EDGE2,330,1,331,0,1,5.43113269690064,0.05557118355783,0.011885000347405,,,
EDGE2,331,1,332,0,1,5.43758022554942,0.058446186677477,0.011857914310093,,,
EDGE2,332,1,333,0,1,5.47048720329413,0.077024741803731,0.011682078716714,,,
EDGE2,333,1,334,0,1,5.50894675722959,0.09363208695971,0.01155598299977,,,
EDGE2,334,1,335,0,1,5.53859715832028,0.050473494615707,0.009340953213955,,,
EDGE2,335,1,336,0,1,5.50971448166571,0.092298583950412,0.000225065192224,-5.50971448166571,-0.092298583950412,-0.000225065192224
EDGE2,336,1,337,0,1,5.59593881389533,0.017653702210433,6.28359724498218,,,
EDGE2,337,1,338,0,1,5.64919188879493,0.015333197064356,0.00275404687846,,,
EDGE2,338,1,339,0,1,5.67524126689791,0.041021288114545,0.000693964520577,,,
EDGE2,339,1,340,0,1,5.70582032153707,-0.003780917262853,6.28166031218576,,,
EDGE2,340,1,341,0,1,5.64914667584425,-0.021837652750537,0.005297067920115,-5.64914667584425,0.021837652750537,-0.005297067920115
EDGE2,341,1,342,0,1,5.79927802590673,0.023138365243787,0.003612947283908,,,
EDGE2,342,1,343,0,1,5.65203980589966,0.02600514515955,6.28384425172203,,,
EDGE2,343,1,344,0,1,5.56853170117375,0.044282626059081,6.28271736332824,,,
EDGE2,344,1,345,0,1,5.43345353403918,0.031559070967385,0.004129007580592,,,
EDGE2,345,1,346,0,1,5.26664882355973,0.046318720877432,6.2819232855288,,,
EDGE2,346,1,347,0,1,5.11623078449229,0.058437481444211,0.000965997663092,,,
EDGE2,347,1,348,0,1,4.9413807794548,0.017695190685222,0.002049994301281,,,
EDGE2,348,1,349,0,1,4.78083143705682,0.009358965844816,6.27623437843507,,,
EDGE2,349,1,350,0,1,4.63320276336932,0.064660729533225,0.007684991971583,,,
EDGE2,350,1,351,0,1,4.54245306198187,0.085200273220105,0.021216915973931,,,
EDGE2,351,1,352,0,1,4.43610918953255,0.095731699973347,0.034036001177707,,,
EDGE2,352,1,353,0,1,4.30475999277122,0.12521720088939,0.020229030125771,,,
EDGE2,353,1,354,0,1,4.16626629316933,0.067969791379719,6.27737532800137,,,
EDGE2,354,1,355,0,1,3.99205533348641,-0.023460090415578,6.24202634103219,,,
EDGE2,355,1,356,0,1,3.57655637859274,-0.190567524707535,6.22556431310077,-3.57655637859274,0.190567524707535,-6.22556431310077
EDGE2,356,1,357,0,1,3.3663087306959,-0.153225136718154,6.21167029155498,,,
EDGE2,357,1,358,0,1,3.0517636526321,-0.170778155451605,6.2091332644631,,,
EDGE2,358,1,359,0,1,2.78336614934419,-0.161640989395361,6.22090031309536,,,
EDGE2,359,1,360,0,1,2.53450040214805,-0.079326132132929,6.26611530291444,,,
EDGE2,360,1,361,0,1,2.23273531376627,0.073188796097876,0.045641015079586,,,
EDGE2,361,1,362,0,1,1.91940999633372,0.19739652684846,0.110354944201607,,,
EDGE2,362,1,363,0,1,1.65238581904672,0.305522684228938,0.174023107864458,,,
EDGE2,363,1,364,0,1,1.5393115123242,0.320158146699944,0.183061897000502,,,
EDGE2,364,1,365,0,1,1.45682433030479,0.358943227742751,0.168328951381515,,,
EDGE2,365,1,366,0,1,1.4250874832807,0.317033985006171,0.138837197236623,,,
EDGE2,366,1,367,0,1,1.44769932886536,0.171763596767382,0.092229990989751,,,
EDGE2,367,1,368,0,1,1.5783658432519,0.133169216868919,0.09938396760503,-1.5783658432519,-0.133169216868919,-0.09938396760503
EDGE2,368,1,369,0,1,1.70665726699271,0.279065561139826,0.134429841609877,,,
EDGE2,369,1,370,0,1,1.85862589236375,0.337826951078009,0.159447132846592,,,
EDGE2,370,1,371,0,1,2.27330695203501,0.362916315132745,0.153159935434691,,,
EDGE2,371,1,372,0,1,2.77023767375963,0.188194188939756,0.066953098320815,,,
EDGE2,372,1,373,0,1,3.41167918906968,0.223758551147464,0.078733847355125,,,
EDGE2,373,1,374,0,1,4.04970321776046,0.199647145695687,0.054310158801514,,,
EDGE2,374,1,375,0,1,4.63186530041917,0.082386090085558,0.013597896253199,,,
EDGE2,375,1,376,0,1,5.21347442999949,0.044408198082076,0.007641003477452,,,
EDGE2,376,1,377,0,1,5.87134458442337,0.066624035715004,0.008775066551265,,,
EDGE2,377,1,378,0,1,5.87342576182157,0.038551114403551,0.011938880064879,,,
EDGE2,378,1,379,0,1,5.89053871605915,0.05513932144378,0.013166977953713,,,
EDGE2,379,1,380,0,1,5.85792904875553,0.043773130989583,0.008212018446432,,,
EDGE2,380,1,381,0,1,5.79847186326415,0.037456727419053,0.005020215214651,,,
EDGE2,381,1,382,0,1,5.76416062294967,0.029009271069716,0.008201909045713,,,
EDGE2,382,1,383,0,1,5.63130732091933,0.101016052215488,0.012567883733853,-5.63130732091933,-0.101016052215488,-0.012567883733853
EDGE2,383,1,384,0,1,5.62111981573197,0.038003018846704,6.28190349602035,,,
EDGE2,384,1,385,0,1,5.53179360545577,-0.052165720287386,6.26629509165079,,,
EDGE2,385,1,386,0,1,5.47480329500221,-0.013562256386811,6.27014349978196,,,
EDGE2,386,1,387,0,1,5.3901107455245,0.056365361875197,6.27668827759472,-5.3901107455245,-0.056365361875197,-6.27668827759472
EDGE2,387,1,388,0,1,5.46547261793273,0.005546970805218,6.28207935659334,,,
EDGE2,388,1,389,0,1,5.39225547657353,0.039930622108623,0.005047963044115,,,
EDGE2,389,1,390,0,1,5.45363021669349,0.044912403229707,0.010711981365008,,,
EDGE2,390,1,391,0,1,5.29059770516819,0.053541854542383,0.004882021943591,,,
EDGE2,391,1,392,0,1,5.2046835121358,0.008211304424199,6.2798693135444,,,
EDGE2,392,1,393,0,1,5.13926183066702,-0.011689262573858,6.26997126513331,,,
EDGE2,393,1,394,0,1,5.13846061167138,-0.06791887504757,6.26861328042341,-5.13846061167138,0.06791887504757,-6.26861328042341
EDGE2,394,1,395,0,1,5.01279832702871,0.00232850839249,6.27918733228854,,,
EDGE2,395,1,396,0,1,4.9410996614847,0.049859392625839,0.024011927847571,,,
EDGE2,396,1,397,0,1,4.8876870921102,0.178394035627017,0.052664113116402,,,
EDGE2,397,1,398,0,1,4.81904064769396,0.1943189298127,0.071374009620814,,,
EDGE2,398,1,399,0,1,4.7686666297881,0.312366609877093,0.101502010839156,,,
EDGE2,399,1,400,0,1,4.80970079346161,0.349282600315595,0.114551849994149,,,
EDGE2,400,1,401,0,1,4.93753629170713,0.39463433525726,0.120096998323179,,,
EDGE2,401,1,402,0,1,5.04059454812289,0.416144360611052,0.116249168024578,,,
EDGE2,402,1,403,0,1,5.2218591137352,0.328768303396961,0.08840495935081,,,
EDGE2,403,1,404,0,1,5.3974262642384,0.131373906910474,0.029452983548029,,,
EDGE2,404,1,405,0,1,5.69984678395419,-0.011736183348762,0.001049852388948,-5.69984678395419,0.011736183348762,-0.001049852388948
EDGE2,405,1,406,0,1,5.58358985998192,-0.053218938608533,6.26206731574401,,,
EDGE2,406,1,407,0,1,5.52995031215297,-0.117723910217412,6.24313234361139,,,
EDGE2,407,1,408,0,1,5.46004007610673,-0.152951173451252,6.2547783456784,,,
EDGE2,408,1,409,0,1,5.37093267504555,-0.045683813751898,6.27650135359488,,,
EDGE2,409,1,410,0,1,5.26021333456414,-0.03076739348713,6.28158037422074,,,
EDGE2,410,1,411,0,1,5.09657108328319,-0.039710518728308,6.28076833319839,,,
EDGE2,411,1,412,0,1,4.57792069956388,0.054692121635535,0.025424873380207,,,
EDGE2,412,1,413,0,1,3.9285407768807,0.097406201904969,0.035605020020263,,,
EDGE2,413,1,414,0,1,3.25413807341449,0.083083140323036,0.032579063840957,,,
EDGE2,414,1,415,0,1,2.80867743944119,0.109511827369394,0.056435944393377,,,
EDGE2,415,1,416,0,1,2.47626031213941,0.172521896102248,0.081646090786353,,,
EDGE2,416,1,417,0,1,2.03166740260384,0.261464227194816,0.12389916081143,,,
EDGE2,417,1,418,0,1,1.52353403451714,0.250277449117229,0.11822693512562,,,
EDGE2,418,1,419,0,1,1.44726216749779,0.314173694846221,0.145810951346306,-1.44726216749779,-0.314173694846221,-0.145810951346306
EDGE2,419,1,420,0,1,1.40751006586394,0.259316488025197,0.144808663334396,,,
EDGE2,420,1,421,0,1,1.65673860605529,0.281480035429846,0.152928292698319,,,
EDGE2,421,1,422,0,1,2.00961104588127,0.295767472272763,0.156709744795812,,,
EDGE2,422,1,423,0,1,2.50971137588635,0.269378687100568,0.127552101541205,,,
EDGE2,423,1,424,0,1,3.09771795144347,0.276396916109794,0.121717865995316,,,
EDGE2,424,1,425,0,1,3.71171256236443,0.352137825737247,0.144840173505496,,,
EDGE2,425,1,426,0,1,4.14234325692487,0.332793994964929,0.109996240899053,,,
EDGE2,426,1,427,0,1,4.637400194682,0.16328100471159,0.034498594675676,,,
EDGE2,427,1,428,0,1,4.98486434553188,-0.019690945361228,6.27724337359387,,,
EDGE2,428,1,429,0,1,5.37973955344749,-0.038864869689436,6.27101730691807,,,
EDGE2,429,1,430,0,1,5.71800530919905,-0.049757021013319,6.25924228793082,,,
EDGE2,430,1,431,0,1,5.92718904770674,-0.130657917826406,6.25058531748249,,,
EDGE2,431,1,432,0,1,6.13237211830758,-0.112137832413593,6.24304269427965,,,
EDGE2,432,1,433,0,1,6.04030885199897,-0.092505766989829,6.25339292325893,,,
EDGE2,433,1,434,0,1,5.94610021630765,-0.014299428843548,6.28040448575977,,,
EDGE2,434,1,435,0,1,5.96342954689806,-0.013927184718357,6.2813762263121,,,
EDGE2,435,1,436,0,1,6.0436086716728,0.054046551547319,6.2847573476239,-6.0436086716728,-0.054046551547319,-6.2847573476239
EDGE2,436,1,437,0,1,5.9570298818713,0.003748305620183,6.28166950839111,,,
EDGE2,437,1,438,0,1,5.89338219001493,0.037812179094816,0.008643699983237,,,
EDGE2,438,1,439,0,1,5.80125594595486,0.040918162096775,6.28260746331159,,,
EDGE2,439,1,440,0,1,5.66070023453817,-0.109015171781204,6.24005734971528,,,
EDGE2,440,1,441,0,1,5.62552922037006,-0.168053729044482,6.23706842031117,,,
EDGE2,441,1,442,0,1,5.62710852040602,-0.07903639877287,6.26082408976104,,,
EDGE2,442,1,443,0,1,5.61894148785888,-0.037336628911758,6.27522649232,,,
EDGE2,443,1,444,0,1,5.60175135431938,-0.035524406286923,6.25495789824405,,,
EDGE2,444,1,445,0,1,5.62016321308786,-0.115311350038309,6.24242437683163,,,
EDGE2,445,1,446,0,1,5.60118880043412,-0.123065051505362,6.24448943199285,,,
EDGE2,446,1,447,0,1,5.65404809159202,-0.117674767381568,6.25989432261745,-5.65404809159202,0.117674767381568,-6.25989432261745
EDGE2,447,1,448,0,1,5.51027144924082,0.013660199549448,6.27275151472662,-5.51027144924082,-0.013660199549448,-6.27275151472662
EDGE2,448,1,449,0,1,5.51052149862931,-0.030381583579175,6.27182696279607,,,
EDGE2,449,1,450,0,1,5.44616486443055,-0.013830567622866,6.27526464137244,,,
EDGE2,450,1,451,0,1,5.40502657028341,-0.016048009681023,6.2748989105882,,,
EDGE2,451,1,452,0,1,5.29897328816428,-0.016174604004384,6.27035545668771,,,
EDGE2,452,1,453,0,1,5.29203809659712,-0.071255327653224,6.27319116110504,-5.29203809659712,0.071255327653224,-6.27319116110504
EDGE2,453,1,454,0,1,5.13696874725113,-0.021560168661731,6.2734674362538,,,
EDGE2,454,1,455,0,1,5.03055701685672,-0.042097906133874,6.27228665142746,,,
EDGE2,455,1,456,0,1,4.79583073611397,-0.021881012767155,6.27735985701274,,,
EDGE2,456,1,457,0,1,4.50680517745616,-0.004969646246009,6.27626155401083,,,
EDGE2,457,1,458,0,1,4.16992652256656,0.038248554698334,6.28180617958778,-4.16992652256656,-0.038248554698334,-6.28180617958778
EDGE2,458,1,459,0,1,3.7224472615657,-0.007370102307,0.000216889771054,,,
EDGE2,459,1,460,0,1,3.18291022475405,-0.004250981360842,6.28058551716611,,,
EDGE2,460,1,461,0,1,2.76469595728597,-0.035416322613052,6.2731573513064,,,
EDGE2,461,1,462,0,1,2.23499978070975,-0.023944293857916,6.27698506777451,,,
EDGE2,462,1,463,0,1,1.66924502969703,0.00166648647108,0.005964201065442,,,
EDGE2,463,1,464,0,1,1.32639631537728,0.060484197516683,0.045124943207918,,,
EDGE2,464,1,465,0,1,1.22031852282869,0.158020927373402,0.080554077352566,,,
EDGE2,465,1,466,0,1,0.577548833627644,0.046229538167271,0.02401296924331,,,
EDGE2,466,1,467,0,1,-0.01051841412221,0.015641715650706,6.28416814602207,,,
EDGE2,467,1,468,0,1,-0.009492543394559,-0.015013964062515,-0.000496929917467,,,
EDGE2,468,1,469,0,1,0.051776917424566,0.036336974391779,-0.004900837375257,-0.051776917424566,-0.036336974391779,0.004900837375257
EDGE2,469,1,470,0,1,0.012639634120316,-0.004110709787627,6.28217911948265,,,
EDGE2,470,1,471,0,1,0.017568261599992,-0.020438775974254,6.28213047038791,,,
EDGE2,471,1,472,0,1,-0.004449257138241,4.51E-05,6.28397930601222,,,
EDGE2,472,1,473,0,1,0.015718367020694,-0.018606082124214,6.28402604574236,,,
EDGE2,473,1,474,0,1,0.014769374310309,0.002499490596341,6.28196452976743,,,
EDGE2,474,1,475,0,1,-0.007965579133887,-0.014677971926237,6.28194213411012,,,
EDGE2,475,1,476,0,1,-0.009144893617888,-0.016376694554771,6.28198264336058,,,
EDGE2,476,1,477,0,1,0.010383086983256,0.008213998299478,6.28380812712914,,,
EDGE2,477,1,478,0,1,-0.009341081814346,-0.009390294897783,6.28209614722852,,,
EDGE2,478,1,479,0,1,0.000850654697427,0.016330160059445,0.001830160165101,,,
EDGE2,479,1,480,0,1,0.0704013931038,0.03138376134443,0.002991124320391,,,
EDGE2,480,1,481,0,1,0.290264376018045,0.039255702087409,0.026103103358125,,,
EDGE2,481,1,482,0,1,0.845542842690686,0.138785574418982,0.092692930876828,,,
EDGE2,482,1,483,0,1,1.45750060806759,0.306509126461684,0.170195058420457,,,
EDGE2,483,1,484,0,1,1.88002796571748,0.453196329602532,0.22389784209447,,,
EDGE2,484,1,485,0,1,2.40284426060458,0.551360462097179,0.245760808315122,,,
EDGE2,485,1,486,0,1,3.01788746214293,0.566797417846306,0.220185386972875,,,
EDGE2,486,1,487,0,1,3.67622928235107,0.492705974856015,0.180915892875292,,,
EDGE2,487,1,488,0,1,4.21364142548812,0.383217392884578,0.136264683082614,-4.21364142548812,-0.383217392884578,-0.136264683082614
EDGE2,488,1,489,0,1,4.72079869856749,0.223187972272929,0.0487911969585,,,
EDGE2,489,1,490,0,1,5.29923172761013,0.035537832390838,0.005200999322768,,,
EDGE2,490,1,491,0,1,5.68680412350322,0.050597360508239,0.005875000638412,,,
EDGE2,491,1,492,0,1,5.72988790347136,0.036292226102163,0.007958999212207,,,
EDGE2,492,1,493,0,1,5.68816425269751,0.034264572328555,0.004248002717517,,,
EDGE2,493,1,494,0,1,5.73052501349101,-0.03030609796282,6.28165030547445,,,
EDGE2,494,1,495,0,1,5.56572072996313,-0.022272399866647,0.001194000443916,,,
EDGE2,495,1,496,0,1,5.48842200317364,0.004061240876628,6.28180130808323,,,
EDGE2,496,1,497,0,1,5.45498923548831,-0.004361164420502,0.003077998406699,,,
EDGE2,497,1,498,0,1,5.37204706570231,-0.008698453726498,0.001957998940212,,,
EDGE2,498,1,499,0,1,5.31180189746828,0.003103232587823,0.003264000200206,,,
EDGE2,499,1,500,0,1,5.24923905583749,0.022885504606057,0.00015999825633,,,
EDGE2,20,1,500,0,2,-0.592802946189309,-0.251911061334163,6.27991641598183,-10.1320523393399,3.54340917872789,6.20432241560582
EDGE2,500,1,501,0,1,5.18578359446354,-0.000916650723951,6.27651231128452,,,
EDGE2,21,1,501,0,2,0.275227140507909,-0.36157696907757,6.25858041917661,-0.335988953410539,3.78425699742743,5.80243171857144
EDGE2,501,1,502,0,1,5.09464211607231,-0.002925571671414,6.27419230485684,,,
EDGE2,502,1,503,0,1,5.02125667019021,-0.087141328766323,6.26301130741896,-5.02125667019021,0.087141328766323,-6.26301130741896
EDGE2,25,1,503,0,2,-0.419674630066169,-0.563175544767169,0.12215390157294,6.42592202543624,-2.05133731446073,-0.227129579691155
EDGE2,503,1,504,0,1,4.98842265759563,-0.027687519468989,6.2776073069152,,,
EDGE2,504,1,505,0,1,5.16013270383209,0.028024867787867,0.004534999979905,,,
EDGE2,505,1,506,0,1,5.34751253492614,0.005509933574271,0.00772999981414,,,
EDGE2,506,1,507,0,1,5.67331916113904,0.002365611978745,0.004060999992259,,,
EDGE2,507,1,508,0,1,5.78823076565739,0.081869749465958,0.00217200038757,-5.78823076565739,-0.081869749465958,-0.00217200038757
EDGE2,508,1,509,0,1,5.76196033641947,0.026823351742316,0.00740699995549,,,
EDGE2,509,1,510,0,1,5.68152692524014,0.006249495507102,0.002541000614556,,,
EDGE2,510,1,511,0,1,5.60358678800019,0.019142466811676,0.007838999609674,,,
EDGE2,511,1,512,0,1,5.41346357725697,-0.003068248274648,6.27694930650797,,,
EDGE2,512,1,513,0,1,5.22751273719284,-0.029486749594006,6.2767723080505,,,
EDGE2,513,1,514,0,1,5.10299565866624,-0.02235716931839,6.27350230636995,,,
EDGE2,514,1,515,0,1,5.01693978166801,-0.010911276598678,6.2777923074728,,,
EDGE2,515,1,516,0,1,5.12879104886717,0.023770458099968,0.008297000963236,,,
EDGE2,312,1,516,0,2,0.594512638739012,-0.062141285734214,4.7786961040375,-4.97503712713317,6.33686297299713,4.78850421560655
EDGE2,516,1,517,0,1,5.2402266598232,-0.011919408901216,0.008002002183999,,,
EDGE2,517,1,518,0,1,5.39795028771054,-0.017231340666537,6.28226530486192,,,
EDGE2,518,1,519,0,1,5.57080157326915,-0.02440148877756,6.28208430625514,,,
EDGE2,167,1,519,0,2,0.467609368931932,-0.614696075036576,0.034434200839398,-0.767828076206911,-6.06655145461025,0.009875939634855
EDGE2,519,1,520,0,1,5.71908289544252,-0.023432690974474,6.27957330634591,,,
EDGE2,520,1,521,0,1,5.56619788099409,-0.02183663376884,6.27897930826488,,,
EDGE2,170,1,521,0,2,-0.342279643062511,-0.450907295634555,0.007728094079661,-5.56186876791944,-1.48874723150896,-0.193283890925721
EDGE2,521,1,522,0,1,5.4517640650891,0.004087127472485,-0.000973999955452,,,
EDGE2,522,1,523,0,1,5.09629472402552,-0.017832560793019,6.27846830826492,,,
EDGE2,523,1,524,0,1,4.75836094238277,0.007440774746772,6.28374830603206,,,
EDGE2,174,1,524,0,2,-0.620517837508828,-0.534894518678499,6.26455740336572,-1.15276645855454,-9.9424762382015,6.29751844080619
EDGE2,524,1,525,0,1,4.66860809966188,0.001753084655193,6.2778173072129,,,
EDGE2,525,1,526,0,1,4.60793315311005,-0.025282010208591,6.27249830764394,,,
EDGE2,526,1,527,0,1,4.61808393763146,0.043105502323982,0.009174001001491,,,
EDGE2,527,1,528,0,1,4.81349983211718,0.167233526117069,0.037080998689568,,,
EDGE2,528,1,529,0,1,5.00264091359686,0.025314096560405,6.28411330300704,,,
EDGE2,529,1,530,0,1,5.36122321171285,-0.052248750252771,6.27399631329685,,,
EDGE2,530,1,531,0,1,5.61560781919821,0.00908762912118,6.27739130226919,,,
EDGE2,531,1,532,0,1,5.84172550744085,0.000347422782496,6.28056431042512,,,
EDGE2,532,1,533,0,1,5.83295809153338,-0.018792794907736,6.28084830654155,,,
EDGE2,533,1,534,0,1,5.77445053183896,-0.011890659938539,6.28228630599824,,,
EDGE2,534,1,535,0,1,5.66310096618839,0.01948073239942,6.28035230687206,,,
EDGE2,535,1,536,0,1,5.37571218780584,0.031248949436331,0.004836001828582,,,
EDGE2,536,1,537,0,1,5.00244353377558,0.014271300484964,0.005221996651056,,,
EDGE2,537,1,538,0,1,4.69217747186628,0.025032380611274,0.003623002286127,,,
EDGE2,538,1,539,0,1,4.60153978003949,-0.016448596936682,6.27449030862532,,,
EDGE2,539,1,540,0,1,4.63565249422346,-0.042732305902919,6.26778830663663,,,
EDGE2,540,1,541,0,1,4.73939730892345,-0.04835697121716,6.26767230592227,,,
EDGE2,541,1,542,0,1,5.06961247607974,-0.059642267634549,6.26404025296469,,,
EDGE2,542,1,543,0,1,5.20495614546048,-0.070551669403502,6.26407135946687,,,
EDGE2,543,1,544,0,1,5.36425557571663,-0.07840692814281,6.2630423491973,,,
EDGE2,544,1,545,0,1,5.56407815015813,-0.078581491898144,6.26133226558968,,,
EDGE2,545,1,546,0,1,5.74079662199086,-0.067966499359729,6.27610625476934,,,
EDGE2,546,1,547,0,1,5.97398704041718,-0.016824634258827,6.28183149598707,,,
EDGE2,547,1,548,0,1,6.00972787791272,0.000315176966721,0.002420826254446,,,
EDGE2,548,1,549,0,1,5.94505370034489,0.035299610061271,0.004381108425221,,,
EDGE2,549,1,550,0,1,5.82672044055226,0.074585627386599,0.006398131886117,,,
EDGE2,550,1,551,0,1,5.71235370805578,0.056815300606117,0.008684562177675,,,
EDGE2,551,1,552,0,1,5.57668205251265,0.046468504414806,0.004310203419936,,,
